id,column_1,column_2
1,B,cat_3
2,D,cat_2
3,D,cat_3
4,C,cat_1
5,A,cat_2
6,C,cat_3
7,A,cat_1
8,A,cat_3
9,D,cat_3
10,B,cat_3
11,B,cat_2
12,C,cat_1
13,B,cat_1
14,A,cat_3
15,B,cat_1
16,A,cat_3
17,A,cat_3
18,D,cat_3
19,B,cat_1
20,B,cat_2
21,A,cat_1
22,A,cat_1
23,A,cat_1
24,C,cat_2
25,B,cat_2
26,C,cat_3
27,C,cat_1
28,D,cat_3
29,C,cat_2
30,D,cat_3
31,B,cat_1
32,A,cat_3
33,B,cat_1
34,B,cat_2
35,C,cat_3
36,D,cat_3
37,C,cat_2
38,C,cat_3
39,D,cat_2
40,D,cat_2
41,B,cat_2
42,A,cat_2
43,C,cat_2
44,B,cat_3
45,C,cat_1
46,B,cat_2
47,B,cat_2
48,C,cat_1
49,C,cat_1
50,A,cat_3
51,C,cat_2
52,A,cat_1
53,D,cat_1
54,A,cat_3
55,D,cat_2
56,A,cat_3
57,D,cat_1
58,A,cat_3
59,D,cat_2
60,D,cat_2
61,B,cat_2
62,C,cat_2
63,D,cat_3
64,A,cat_3
65,C,cat_2
66,C,cat_3
67,B,cat_2
68,D,cat_2
69,B,cat_2
70,A,cat_2
71,B,cat_3
72,D,cat_3
73,D,cat_2
74,D,cat_3
75,C,cat_1
76,C,cat_3
77,B,cat_3
78,A,cat_2
79,D,cat_1
80,C,cat_1
81,C,cat_3
82,D,cat_1
83,A,cat_1
84,A,cat_1
85,C,cat_1
86,C,cat_2
87,A,cat_1
88,A,cat_3
89,D,cat_3
90,B,cat_2
91,D,cat_2
92,B,cat_3
93,B,cat_3
94,B,cat_1
95,C,cat_2
96,C,cat_1
97,C,cat_1
98,A,cat_3
99,A,cat_2
100,C,cat_2
101,A,cat_1
102,D,cat_2
103,D,cat_2
104,C,cat_1
105,C,cat_3
106,A,cat_3
107,B,cat_2
108,C,cat_2
109,D,cat_3
110,A,cat_3
111,A,cat_2
112,B,cat_3
113,B,cat_2
114,A,cat_2
115,C,cat_3
116,C,cat_1
117,C,cat_1
118,D,cat_1
119,A,cat_1
120,D,cat_2
121,B,cat_3
122,C,cat_2
123,C,cat_1
124,B,cat_1
125,D,cat_3
126,A,cat_3
127,D,cat_3
128,B,cat_1
129,B,cat_1
130,A,cat_3
131,D,cat_1
132,D,cat_1
133,B,cat_2
134,C,cat_3
135,A,cat_2
136,B,cat_3
137,B,cat_1
138,A,cat_2
139,D,cat_3
140,C,cat_2
141,A,cat_1
142,C,cat_3
143,C,cat_2
144,C,cat_2
145,C,cat_1
146,B,cat_2
147,D,cat_3
148,C,cat_2
149,C,cat_2
150,D,cat_1
151,B,cat_2
152,B,cat_1
153,D,cat_3
154,D,cat_1
155,A,cat_2
156,D,cat_1
157,B,cat_1
158,D,cat_1
159,A,cat_1
160,B,cat_3
161,A,cat_1
162,B,cat_2
163,A,cat_3
164,B,cat_3
165,D,cat_3
166,B,cat_1
167,B,cat_1
168,C,cat_2
169,A,cat_3
170,D,cat_1
171,D,cat_3
172,B,cat_3
173,C,cat_2
174,C,cat_1
175,B,cat_1
176,A,cat_1
177,B,cat_3
178,B,cat_3
179,D,cat_2
180,B,cat_3
181,A,cat_2
182,C,cat_1
183,C,cat_3
184,B,cat_2
185,B,cat_3
186,D,cat_1
187,B,cat_3
188,D,cat_3
189,C,cat_3
190,B,cat_2
191,D,cat_1
192,A,cat_1
193,B,cat_3
194,A,cat_3
195,C,cat_2
196,D,cat_1
197,D,cat_1
198,C,cat_1
199,B,cat_2
200,C,cat_1
201,D,cat_3
202,B,cat_2
203,B,cat_1
204,D,cat_2
205,D,cat_3
206,B,cat_2
207,A,cat_2
208,C,cat_2
209,B,cat_1
210,D,cat_1
211,B,cat_2
212,C,cat_2
213,D,cat_2
214,A,cat_2
215,D,cat_2
216,A,cat_2
217,C,cat_3
218,C,cat_3
219,C,cat_3
220,C,cat_1
221,B,cat_3
222,B,cat_2
223,C,cat_3
224,A,cat_2
225,D,cat_3
226,C,cat_3
227,B,cat_2
228,D,cat_1
229,A,cat_2
230,C,cat_2
231,B,cat_2
232,D,cat_2
233,C,cat_1
234,B,cat_3
235,C,cat_1
236,C,cat_1
237,D,cat_2
238,B,cat_3
239,C,cat_3
240,A,cat_2
241,A,cat_1
242,C,cat_3
243,D,cat_2
244,D,cat_3
245,C,cat_3
246,D,cat_1
247,A,cat_3
248,C,cat_3
249,A,cat_3
250,A,cat_3
251,A,cat_1
252,D,cat_2
253,B,cat_3
254,C,cat_3
255,B,cat_2
256,C,cat_2
257,D,cat_1
258,A,cat_1
259,C,cat_3
260,C,cat_1
261,A,cat_1
262,C,cat_2
263,C,cat_2
264,B,cat_1
265,D,cat_1
266,B,cat_1
267,A,cat_1
268,B,cat_3
269,B,cat_3
270,D,cat_3
271,C,cat_1
272,A,cat_3
273,B,cat_3
274,A,cat_3
275,A,cat_1
276,A,cat_1
277,B,cat_2
278,C,cat_3
279,C,cat_3
280,C,cat_1
281,D,cat_1
282,D,cat_1
283,D,cat_2
284,C,cat_1
285,C,cat_2
286,A,cat_2
287,C,cat_3
288,D,cat_3
289,C,cat_2
290,A,cat_2
291,D,cat_1
292,A,cat_2
293,A,cat_2
294,C,cat_1
295,C,cat_1
296,A,cat_2
297,C,cat_3
298,C,cat_2
299,A,cat_3
300,A,cat_2
301,D,cat_1
302,D,cat_3
303,B,cat_1
304,A,cat_1
305,D,cat_2
306,D,cat_1
307,B,cat_1
308,C,cat_3
309,D,cat_2
310,C,cat_1
311,D,cat_1
312,C,cat_3
313,D,cat_3
314,D,cat_1
315,A,cat_1
316,C,cat_3
317,B,cat_2
318,A,cat_1
319,B,cat_1
320,B,cat_2
321,D,cat_2
322,B,cat_2
323,B,cat_2
324,D,cat_3
325,C,cat_1
326,A,cat_2
327,D,cat_2
328,B,cat_3
329,A,cat_2
330,B,cat_3
331,B,cat_1
332,B,cat_2
333,D,cat_3
334,B,cat_1
335,D,cat_1
336,B,cat_1
337,A,cat_3
338,D,cat_1
339,D,cat_1
340,A,cat_3
341,D,cat_3
342,C,cat_1
343,B,cat_2
344,D,cat_2
345,B,cat_3
346,B,cat_3
347,A,cat_2
348,C,cat_2
349,C,cat_3
350,B,cat_1
351,C,cat_3
352,A,cat_2
353,C,cat_2
354,D,cat_3
355,A,cat_3
356,D,cat_3
357,D,cat_1
358,A,cat_3
359,C,cat_3
360,B,cat_1
361,A,cat_1
362,D,cat_2
363,D,cat_2
364,B,cat_3
365,C,cat_2
366,B,cat_3
367,A,cat_3
368,A,cat_3
369,D,cat_1
370,B,cat_3
371,B,cat_2
372,C,cat_1
373,B,cat_2
374,D,cat_1
375,A,cat_2
376,D,cat_1
377,D,cat_3
378,D,cat_2
379,A,cat_1
380,C,cat_3
381,D,cat_2
382,D,cat_3
383,B,cat_3
384,B,cat_3
385,A,cat_2
386,D,cat_3
387,D,cat_2
388,C,cat_2
389,A,cat_1
390,C,cat_3
391,C,cat_3
392,D,cat_1
393,D,cat_2
394,C,cat_1
395,D,cat_2
396,D,cat_2
397,D,cat_3
398,C,cat_1
399,A,cat_1
400,D,cat_3
401,D,cat_2
402,B,cat_2
403,A,cat_2
404,D,cat_1
405,B,cat_1
406,B,cat_1
407,C,cat_1
408,D,cat_1
409,D,cat_1
410,B,cat_2
411,C,cat_1
412,D,cat_2
413,D,cat_1
414,D,cat_3
415,B,cat_2
416,A,cat_3
417,D,cat_1
418,C,cat_3
419,A,cat_2
420,D,cat_2
421,A,cat_1
422,D,cat_2
423,B,cat_2
424,C,cat_3
425,D,cat_2
426,D,cat_3
427,C,cat_2
428,A,cat_1
429,C,cat_3
430,D,cat_3
431,A,cat_2
432,C,cat_2
433,D,cat_1
434,A,cat_3
435,B,cat_1
436,A,cat_1
437,D,cat_3
438,C,cat_1
439,B,cat_1
440,B,cat_1
441,C,cat_3
442,B,cat_3
443,A,cat_2
444,A,cat_3
445,B,cat_3
446,C,cat_3
447,A,cat_1
448,A,cat_3
449,B,cat_3
450,A,cat_2
451,D,cat_1
452,B,cat_3
453,B,cat_1
454,D,cat_3
455,C,cat_1
456,C,cat_3
457,D,cat_1
458,C,cat_2
459,D,cat_2
460,A,cat_3
461,C,cat_1
462,C,cat_2
463,A,cat_3
464,B,cat_1
465,D,cat_1
466,B,cat_3
467,C,cat_3
468,A,cat_1
469,B,cat_1
470,D,cat_2
471,A,cat_3
472,A,cat_2
473,D,cat_2
474,A,cat_2
475,D,cat_3
476,A,cat_3
477,D,cat_2
478,C,cat_1
479,D,cat_2
480,D,cat_3
481,B,cat_1
482,D,cat_3
483,C,cat_3
484,B,cat_1
485,C,cat_2
486,B,cat_1
487,D,cat_3
488,D,cat_2
489,B,cat_2
490,A,cat_2
491,A,cat_2
492,A,cat_3
493,D,cat_1
494,D,cat_2
495,B,cat_3
496,A,cat_3
497,B,cat_3
498,A,cat_3
499,B,cat_1
500,A,cat_3
501,B,cat_3
502,A,cat_1
503,C,cat_2
504,B,cat_3
505,B,cat_3
506,A,cat_1
507,B,cat_1
508,D,cat_2
509,A,cat_1
510,C,cat_3
511,B,cat_3
512,B,cat_2
513,A,cat_2
514,B,cat_1
515,C,cat_1
516,C,cat_1
517,C,cat_3
518,A,cat_2
519,C,cat_2
520,A,cat_1
521,A,cat_1
522,D,cat_2
523,B,cat_2
524,B,cat_1
525,D,cat_2
526,A,cat_1
527,C,cat_1
528,B,cat_2
529,A,cat_3
530,A,cat_1
531,C,cat_1
532,A,cat_2
533,B,cat_3
534,A,cat_3
535,D,cat_3
536,B,cat_1
537,C,cat_3
538,B,cat_3
539,D,cat_2
540,C,cat_2
541,B,cat_2
542,B,cat_1
543,B,cat_3
544,C,cat_3
545,A,cat_3
546,D,cat_1
547,A,cat_2
548,C,cat_2
549,A,cat_1
550,D,cat_1
551,B,cat_3
552,B,cat_1
553,C,cat_3
554,C,cat_3
555,C,cat_1
556,B,cat_3
557,A,cat_1
558,C,cat_1
559,A,cat_1
560,A,cat_1
561,D,cat_1
562,C,cat_2
563,B,cat_2
564,A,cat_2
565,B,cat_3
566,D,cat_2
567,D,cat_3
568,B,cat_2
569,A,cat_3
570,A,cat_1
571,B,cat_1
572,A,cat_1
573,D,cat_1
574,B,cat_2
575,A,cat_1
576,B,cat_3
577,C,cat_3
578,A,cat_3
579,B,cat_2
580,B,cat_3
581,C,cat_1
582,A,cat_1
583,A,cat_3
584,B,cat_2
585,D,cat_3
586,B,cat_2
587,C,cat_2
588,D,cat_1
589,B,cat_1
590,D,cat_2
591,A,cat_3
592,A,cat_2
593,C,cat_1
594,C,cat_1
595,A,cat_1
596,C,cat_1
597,B,cat_2
598,B,cat_1
599,D,cat_2
600,C,cat_2
601,A,cat_1
602,D,cat_2
603,C,cat_2
604,A,cat_2
605,C,cat_3
606,B,cat_3
607,B,cat_3
608,C,cat_2
609,A,cat_3
610,C,cat_2
611,A,cat_3
612,A,cat_2
613,B,cat_2
614,C,cat_1
615,A,cat_2
616,D,cat_1
617,D,cat_2
618,B,cat_2
619,A,cat_1
620,B,cat_2
621,B,cat_2
622,B,cat_1
623,A,cat_1
624,C,cat_2
625,D,cat_1
626,D,cat_2
627,B,cat_2
628,D,cat_2
629,C,cat_1
630,B,cat_1
631,A,cat_2
632,D,cat_3
633,A,cat_2
634,B,cat_2
635,B,cat_2
636,A,cat_3
637,A,cat_2
638,A,cat_2
639,C,cat_1
640,A,cat_1
641,C,cat_3
642,C,cat_1
643,D,cat_1
644,B,cat_1
645,C,cat_2
646,B,cat_3
647,A,cat_3
648,A,cat_3
649,A,cat_2
650,B,cat_1
651,B,cat_3
652,C,cat_2
653,B,cat_1
654,D,cat_3
655,C,cat_2
656,C,cat_1
657,D,cat_2
658,B,cat_3
659,A,cat_3
660,C,cat_1
661,D,cat_3
662,B,cat_3
663,C,cat_1
664,D,cat_1
665,C,cat_2
666,C,cat_1
667,C,cat_2
668,A,cat_2
669,D,cat_1
670,B,cat_3
671,C,cat_1
672,B,cat_3
673,B,cat_2
674,C,cat_1
675,C,cat_1
676,B,cat_3
677,A,cat_2
678,A,cat_2
679,B,cat_2
680,D,cat_1
681,A,cat_3
682,B,cat_3
683,A,cat_1
684,B,cat_3
685,B,cat_3
686,A,cat_2
687,B,cat_3
688,D,cat_1
689,C,cat_1
690,C,cat_3
691,B,cat_2
692,B,cat_3
693,D,cat_3
694,C,cat_3
695,B,cat_2
696,C,cat_1
697,A,cat_3
698,D,cat_2
699,C,cat_1
700,A,cat_1
701,D,cat_3
702,D,cat_1
703,D,cat_3
704,D,cat_2
705,A,cat_3
706,B,cat_1
707,D,cat_3
708,C,cat_3
709,D,cat_3
710,B,cat_1
711,D,cat_3
712,A,cat_3
713,D,cat_2
714,A,cat_1
715,C,cat_2
716,B,cat_2
717,B,cat_2
718,D,cat_3
719,B,cat_3
720,B,cat_1
721,D,cat_2
722,D,cat_2
723,A,cat_1
724,D,cat_2
725,C,cat_3
726,D,cat_3
727,A,cat_3
728,D,cat_1
729,C,cat_2
730,B,cat_3
731,C,cat_2
732,C,cat_3
733,B,cat_1
734,D,cat_1
735,B,cat_2
736,C,cat_2
737,C,cat_1
738,B,cat_1
739,C,cat_2
740,B,cat_2
741,A,cat_2
742,A,cat_1
743,C,cat_2
744,C,cat_3
745,C,cat_3
746,B,cat_2
747,A,cat_1
748,D,cat_1
749,A,cat_1
750,C,cat_1
751,C,cat_3
752,B,cat_1
753,B,cat_2
754,B,cat_3
755,D,cat_1
756,D,cat_1
757,D,cat_2
758,C,cat_2
759,B,cat_1
760,B,cat_1
761,B,cat_1
762,A,cat_3
763,B,cat_3
764,A,cat_1
765,C,cat_2
766,D,cat_1
767,A,cat_3
768,A,cat_2
769,C,cat_1
770,D,cat_3
771,A,cat_1
772,B,cat_2
773,C,cat_3
774,C,cat_2
775,A,cat_2
776,D,cat_1
777,D,cat_1
778,C,cat_1
779,B,cat_3
780,B,cat_1
781,D,cat_1
782,C,cat_3
783,D,cat_1
784,B,cat_2
785,C,cat_1
786,D,cat_2
787,A,cat_3
788,D,cat_2
789,C,cat_2
790,B,cat_1
791,B,cat_2
792,C,cat_3
793,D,cat_1
794,D,cat_2
795,D,cat_1
796,A,cat_3
797,A,cat_1
798,B,cat_1
799,B,cat_1
800,B,cat_2
801,B,cat_3
802,C,cat_2
803,A,cat_1
804,B,cat_1
805,B,cat_1
806,A,cat_1
807,D,cat_1
808,C,cat_2
809,D,cat_3
810,B,cat_1
811,B,cat_1
812,A,cat_1
813,B,cat_3
814,A,cat_2
815,B,cat_3
816,C,cat_2
817,A,cat_2
818,A,cat_1
819,D,cat_2
820,C,cat_1
821,A,cat_3
822,A,cat_3
823,A,cat_1
824,A,cat_1
825,A,cat_2
826,A,cat_3
827,C,cat_3
828,D,cat_1
829,C,cat_2
830,D,cat_2
831,C,cat_2
832,A,cat_1
833,D,cat_2
834,B,cat_3
835,A,cat_2
836,D,cat_3
837,D,cat_2
838,A,cat_3
839,A,cat_2
840,B,cat_3
841,D,cat_3
842,B,cat_1
843,D,cat_1
844,C,cat_1
845,D,cat_2
846,B,cat_2
847,B,cat_1
848,A,cat_3
849,D,cat_3
850,C,cat_3
851,C,cat_2
852,D,cat_3
853,D,cat_3
854,A,cat_1
855,A,cat_3
856,A,cat_2
857,A,cat_1
858,A,cat_2
859,C,cat_2
860,C,cat_2
861,C,cat_3
862,C,cat_2
863,A,cat_1
864,B,cat_1
865,C,cat_2
866,A,cat_3
867,B,cat_2
868,C,cat_2
869,B,cat_2
870,B,cat_3
871,A,cat_2
872,C,cat_2
873,B,cat_1
874,D,cat_1
875,C,cat_2
876,B,cat_1
877,B,cat_2
878,B,cat_3
879,D,cat_3
880,C,cat_1
881,D,cat_1
882,A,cat_3
883,D,cat_3
884,D,cat_3
885,C,cat_1
886,C,cat_3
887,C,cat_1
888,B,cat_2
889,B,cat_1
890,C,cat_2
891,D,cat_2
892,B,cat_2
893,C,cat_3
894,C,cat_1
895,B,cat_3
896,A,cat_2
897,A,cat_3
898,D,cat_1
899,D,cat_1
900,B,cat_1
901,D,cat_1
902,B,cat_2
903,D,cat_2
904,B,cat_2
905,B,cat_1
906,A,cat_1
907,C,cat_2
908,D,cat_2
909,D,cat_2
910,A,cat_1
911,A,cat_1
912,C,cat_3
913,B,cat_2
914,D,cat_1
915,B,cat_1
916,B,cat_3
917,A,cat_1
918,C,cat_3
919,C,cat_1
920,C,cat_3
921,D,cat_3
922,D,cat_1
923,B,cat_3
924,C,cat_3
925,D,cat_2
926,A,cat_3
927,C,cat_3
928,D,cat_1
929,A,cat_1
930,B,cat_2
931,B,cat_3
932,B,cat_3
933,C,cat_2
934,A,cat_1
935,D,cat_3
936,D,cat_2
937,D,cat_1
938,A,cat_1
939,D,cat_3
940,B,cat_1
941,D,cat_2
942,B,cat_1
943,C,cat_2
944,D,cat_1
945,D,cat_3
946,C,cat_3
947,B,cat_1
948,D,cat_1
949,B,cat_1
950,A,cat_3
951,B,cat_1
952,C,cat_1
953,A,cat_3
954,D,cat_1
955,C,cat_3
956,C,cat_1
957,C,cat_2
958,A,cat_1
959,C,cat_3
960,A,cat_1
961,D,cat_2
962,C,cat_2
963,C,cat_1
964,A,cat_1
965,B,cat_2
966,D,cat_3
967,B,cat_3
968,B,cat_1
969,D,cat_2
970,B,cat_1
971,D,cat_1
972,C,cat_3
973,A,cat_2
974,D,cat_2
975,A,cat_2
976,C,cat_3
977,D,cat_3
978,A,cat_3
979,D,cat_1
980,C,cat_2
981,D,cat_3
982,C,cat_3
983,C,cat_2
984,A,cat_3
985,C,cat_2
986,B,cat_1
987,D,cat_3
988,C,cat_2
989,D,cat_2
990,D,cat_1
991,B,cat_2
992,D,cat_1
993,C,cat_2
994,D,cat_3
995,B,cat_1
996,B,cat_1
997,B,cat_3
998,A,cat_2
999,B,cat_3
1000,D,cat_1
1001,C,cat_3
1002,C,cat_1
1003,B,cat_2
1004,B,cat_2
1005,D,cat_3
1006,C,cat_1
1007,B,cat_1
1008,A,cat_2
1009,B,cat_3
1010,B,cat_1
1011,D,cat_1
1012,D,cat_2
1013,B,cat_2
1014,D,cat_3
1015,D,cat_1
1016,C,cat_2
1017,D,cat_1
1018,A,cat_3
1019,D,cat_2
1020,D,cat_2
1021,A,cat_2
1022,A,cat_3
1023,A,cat_2
1024,A,cat_1
1025,D,cat_2
1026,A,cat_3
1027,A,cat_1
1028,D,cat_3
1029,C,cat_3
1030,C,cat_2
1031,B,cat_2
1032,D,cat_2
1033,D,cat_1
1034,D,cat_1
1035,B,cat_1
1036,B,cat_1
1037,B,cat_2
1038,A,cat_2
1039,C,cat_3
1040,A,cat_2
1041,A,cat_2
1042,B,cat_1
1043,B,cat_2
1044,B,cat_3
1045,D,cat_2
1046,B,cat_2
1047,C,cat_3
1048,A,cat_2
1049,C,cat_1
1050,B,cat_3
1051,A,cat_2
1052,D,cat_1
1053,A,cat_1
1054,D,cat_3
1055,B,cat_1
1056,B,cat_2
1057,C,cat_3
1058,A,cat_1
1059,C,cat_1
1060,B,cat_2
1061,C,cat_3
1062,A,cat_3
1063,A,cat_3
1064,B,cat_2
1065,C,cat_2
1066,A,cat_3
1067,C,cat_1
1068,D,cat_3
1069,A,cat_2
1070,B,cat_1
1071,A,cat_1
1072,B,cat_3
1073,A,cat_2
1074,A,cat_2
1075,A,cat_1
1076,A,cat_2
1077,C,cat_1
1078,B,cat_2
1079,B,cat_3
1080,D,cat_3
1081,C,cat_3
1082,B,cat_1
1083,B,cat_3
1084,C,cat_2
1085,C,cat_2
1086,D,cat_1
1087,A,cat_2
1088,A,cat_1
1089,A,cat_1
1090,B,cat_2
1091,D,cat_1
1092,A,cat_2
1093,C,cat_3
1094,B,cat_1
1095,B,cat_2
1096,D,cat_3
1097,A,cat_1
1098,D,cat_1
1099,A,cat_2
1100,B,cat_1
1101,D,cat_2
1102,D,cat_1
1103,D,cat_1
1104,B,cat_2
1105,A,cat_2
1106,C,cat_1
1107,D,cat_3
1108,C,cat_1
1109,A,cat_2
1110,C,cat_1
1111,D,cat_2
1112,D,cat_3
1113,B,cat_3
1114,A,cat_1
1115,A,cat_2
1116,A,cat_2
1117,D,cat_2
1118,A,cat_3
1119,C,cat_2
1120,A,cat_3
1121,A,cat_1
1122,D,cat_2
1123,B,cat_3
1124,C,cat_1
1125,A,cat_3
1126,C,cat_3
1127,C,cat_2
1128,A,cat_1
1129,A,cat_2
1130,C,cat_3
1131,A,cat_1
1132,B,cat_2
1133,D,cat_1
1134,B,cat_3
1135,D,cat_1
1136,C,cat_3
1137,D,cat_2
1138,D,cat_2
1139,B,cat_1
1140,D,cat_2
1141,A,cat_1
1142,A,cat_3
1143,B,cat_3
1144,D,cat_3
1145,C,cat_1
1146,C,cat_2
1147,B,cat_1
1148,D,cat_2
1149,C,cat_3
1150,C,cat_2
1151,A,cat_1
1152,A,cat_1
1153,C,cat_3
1154,B,cat_1
1155,D,cat_3
1156,C,cat_1
1157,A,cat_2
1158,C,cat_3
1159,C,cat_3
1160,D,cat_2
1161,D,cat_1
1162,D,cat_3
1163,A,cat_2
1164,A,cat_3
1165,B,cat_2
1166,B,cat_1
1167,B,cat_1
1168,A,cat_3
1169,C,cat_2
1170,B,cat_1
1171,A,cat_2
1172,B,cat_1
1173,B,cat_3
1174,B,cat_3
1175,A,cat_3
1176,A,cat_1
1177,B,cat_3
1178,C,cat_1
1179,D,cat_3
1180,A,cat_3
1181,D,cat_2
1182,A,cat_3
1183,B,cat_1
1184,A,cat_1
1185,A,cat_3
1186,C,cat_2
1187,D,cat_3
1188,C,cat_2
1189,D,cat_2
1190,D,cat_1
1191,A,cat_2
1192,A,cat_2
1193,D,cat_2
1194,B,cat_3
1195,A,cat_2
1196,A,cat_3
1197,A,cat_3
1198,D,cat_3
1199,C,cat_3
1200,A,cat_2
1201,B,cat_1
1202,C,cat_2
1203,A,cat_1
1204,C,cat_3
1205,A,cat_1
1206,D,cat_1
1207,D,cat_2
1208,A,cat_2
1209,B,cat_2
1210,C,cat_2
1211,D,cat_1
1212,D,cat_3
1213,B,cat_2
1214,C,cat_2
1215,C,cat_3
1216,C,cat_3
1217,D,cat_2
1218,A,cat_3
1219,A,cat_3
1220,A,cat_2
1221,C,cat_3
1222,A,cat_1
1223,A,cat_1
1224,D,cat_3
1225,C,cat_1
1226,C,cat_3
1227,A,cat_2
1228,D,cat_3
1229,A,cat_1
1230,D,cat_1
1231,A,cat_1
1232,A,cat_1
1233,C,cat_3
1234,B,cat_2
1235,B,cat_1
1236,B,cat_2
1237,B,cat_3
1238,B,cat_2
1239,D,cat_1
1240,A,cat_2
1241,B,cat_3
1242,B,cat_3
1243,D,cat_2
1244,B,cat_3
1245,C,cat_3
1246,C,cat_1
1247,A,cat_3
1248,C,cat_3
1249,A,cat_3
1250,C,cat_2
1251,B,cat_1
1252,D,cat_1
1253,D,cat_2
1254,C,cat_2
1255,D,cat_1
1256,B,cat_3
1257,B,cat_2
1258,C,cat_2
1259,C,cat_3
1260,A,cat_1
1261,A,cat_3
1262,C,cat_3
1263,B,cat_3
1264,D,cat_3
1265,D,cat_3
1266,C,cat_2
1267,D,cat_2
1268,B,cat_3
1269,B,cat_1
1270,A,cat_2
1271,B,cat_2
1272,B,cat_1
1273,B,cat_2
1274,C,cat_2
1275,B,cat_1
1276,D,cat_3
1277,B,cat_2
1278,C,cat_2
1279,A,cat_1
1280,A,cat_1
1281,D,cat_2
1282,C,cat_1
1283,D,cat_1
1284,A,cat_3
1285,A,cat_1
1286,B,cat_2
1287,B,cat_2
1288,C,cat_2
1289,B,cat_2
1290,B,cat_1
1291,C,cat_3
1292,B,cat_1
1293,A,cat_1
1294,B,cat_2
1295,B,cat_3
1296,A,cat_2
1297,B,cat_2
1298,B,cat_3
1299,B,cat_3
1300,A,cat_3
1301,A,cat_1
1302,C,cat_2
1303,A,cat_1
1304,B,cat_3
1305,C,cat_2
1306,C,cat_1
1307,C,cat_1
1308,D,cat_2
1309,A,cat_1
1310,B,cat_3
1311,D,cat_1
1312,B,cat_3
1313,A,cat_2
1314,C,cat_2
1315,D,cat_1
1316,A,cat_2
1317,A,cat_2
1318,B,cat_2
1319,C,cat_3
1320,C,cat_3
1321,B,cat_2
1322,A,cat_2
1323,C,cat_2
1324,D,cat_1
1325,C,cat_1
1326,D,cat_1
1327,A,cat_2
1328,D,cat_2
1329,B,cat_2
1330,A,cat_1
1331,C,cat_1
1332,A,cat_1
1333,B,cat_1
1334,D,cat_2
1335,D,cat_1
1336,D,cat_1
1337,C,cat_2
1338,B,cat_2
1339,D,cat_3
1340,A,cat_3
1341,D,cat_1
1342,A,cat_2
1343,A,cat_3
1344,A,cat_3
1345,D,cat_1
1346,C,cat_2
1347,C,cat_1
1348,A,cat_2
1349,A,cat_1
1350,D,cat_2
1351,B,cat_2
1352,D,cat_2
1353,B,cat_2
1354,B,cat_1
1355,D,cat_2
1356,C,cat_3
1357,D,cat_3
1358,C,cat_1
1359,B,cat_1
1360,A,cat_2
1361,D,cat_1
1362,C,cat_3
1363,D,cat_1
1364,A,cat_1
1365,B,cat_1
1366,C,cat_2
1367,B,cat_1
1368,C,cat_3
1369,B,cat_1
1370,B,cat_2
1371,A,cat_1
1372,B,cat_3
1373,B,cat_1
1374,D,cat_2
1375,A,cat_1
1376,D,cat_3
1377,C,cat_1
1378,D,cat_1
1379,D,cat_3
1380,A,cat_2
1381,D,cat_3
1382,D,cat_3
1383,D,cat_2
1384,B,cat_1
1385,A,cat_3
1386,B,cat_3
1387,C,cat_3
1388,C,cat_3
1389,B,cat_1
1390,D,cat_1
1391,B,cat_1
1392,D,cat_2
1393,C,cat_3
1394,C,cat_3
1395,A,cat_2
1396,C,cat_3
1397,D,cat_3
1398,D,cat_2
1399,B,cat_3
1400,A,cat_3
1401,C,cat_1
1402,A,cat_3
1403,D,cat_2
1404,C,cat_3
1405,A,cat_2
1406,A,cat_1
1407,D,cat_2
1408,D,cat_2
1409,A,cat_2
1410,A,cat_1
1411,C,cat_1
1412,C,cat_1
1413,A,cat_3
1414,A,cat_1
1415,D,cat_3
1416,B,cat_2
1417,D,cat_3
1418,D,cat_1
1419,C,cat_3
1420,B,cat_3
1421,C,cat_2
1422,A,cat_3
1423,A,cat_2
1424,B,cat_2
1425,D,cat_2
1426,C,cat_2
1427,A,cat_2
1428,A,cat_1
1429,A,cat_3
1430,A,cat_1
1431,C,cat_2
1432,B,cat_1
1433,A,cat_2
1434,B,cat_3
1435,D,cat_2
1436,C,cat_2
1437,D,cat_1
1438,D,cat_1
1439,A,cat_3
1440,A,cat_2
1441,A,cat_3
1442,B,cat_1
1443,B,cat_2
1444,B,cat_2
1445,C,cat_3
1446,A,cat_1
1447,A,cat_3
1448,D,cat_3
1449,A,cat_3
1450,A,cat_1
1451,D,cat_1
1452,A,cat_3
1453,D,cat_3
1454,A,cat_2
1455,A,cat_2
1456,D,cat_2
1457,B,cat_1
1458,A,cat_3
1459,B,cat_1
1460,D,cat_2
1461,D,cat_2
1462,B,cat_1
1463,A,cat_1
1464,C,cat_1
1465,A,cat_2
1466,A,cat_2
1467,D,cat_3
1468,A,cat_1
1469,C,cat_2
1470,C,cat_1
1471,D,cat_1
1472,A,cat_1
1473,D,cat_2
1474,A,cat_3
1475,A,cat_2
1476,D,cat_1
1477,A,cat_2
1478,C,cat_1
1479,B,cat_3
1480,C,cat_3
1481,A,cat_3
1482,D,cat_3
1483,B,cat_2
1484,A,cat_1
1485,B,cat_1
1486,B,cat_1
1487,C,cat_1
1488,A,cat_2
1489,D,cat_1
1490,D,cat_2
1491,A,cat_1
1492,A,cat_2
1493,D,cat_3
1494,D,cat_2
1495,B,cat_1
1496,D,cat_2
1497,A,cat_2
1498,C,cat_2
1499,B,cat_1
1500,B,cat_2
1501,A,cat_2
1502,D,cat_2
1503,C,cat_3
1504,B,cat_3
1505,D,cat_3
1506,B,cat_2
1507,A,cat_1
1508,D,cat_2
1509,D,cat_2
1510,D,cat_2
1511,C,cat_1
1512,B,cat_3
1513,A,cat_2
1514,A,cat_3
1515,D,cat_2
1516,B,cat_1
1517,C,cat_2
1518,D,cat_1
1519,D,cat_3
1520,A,cat_3
1521,A,cat_1
1522,A,cat_2
1523,B,cat_3
1524,A,cat_2
1525,D,cat_2
1526,D,cat_3
1527,D,cat_1
1528,A,cat_3
1529,D,cat_2
1530,B,cat_1
1531,C,cat_1
1532,B,cat_3
1533,D,cat_1
1534,B,cat_1
1535,B,cat_3
1536,C,cat_1
1537,C,cat_1
1538,C,cat_3
1539,B,cat_3
1540,B,cat_1
1541,A,cat_3
1542,A,cat_2
1543,D,cat_3
1544,D,cat_1
1545,A,cat_1
1546,A,cat_3
1547,C,cat_2
1548,D,cat_3
1549,D,cat_3
1550,A,cat_1
1551,A,cat_3
1552,B,cat_3
1553,A,cat_1
1554,C,cat_1
1555,B,cat_3
1556,B,cat_2
1557,C,cat_1
1558,D,cat_2
1559,C,cat_3
1560,A,cat_1
1561,A,cat_3
1562,C,cat_3
1563,C,cat_3
1564,D,cat_1
1565,B,cat_3
1566,C,cat_3
1567,B,cat_3
1568,B,cat_3
1569,C,cat_2
1570,D,cat_3
1571,D,cat_1
1572,C,cat_2
1573,B,cat_1
1574,B,cat_2
1575,B,cat_2
1576,B,cat_2
1577,B,cat_1
1578,A,cat_2
1579,C,cat_2
1580,C,cat_1
1581,A,cat_1
1582,D,cat_1
1583,B,cat_2
1584,A,cat_1
1585,D,cat_2
1586,C,cat_1
1587,D,cat_3
1588,C,cat_2
1589,A,cat_1
1590,B,cat_3
1591,C,cat_2
1592,C,cat_3
1593,D,cat_1
1594,B,cat_2
1595,A,cat_3
1596,A,cat_1
1597,D,cat_3
1598,D,cat_1
1599,B,cat_1
1600,A,cat_2
1601,B,cat_3
1602,C,cat_3
1603,A,cat_2
1604,A,cat_1
1605,B,cat_3
1606,B,cat_3
1607,C,cat_3
1608,B,cat_3
1609,B,cat_2
1610,C,cat_1
1611,B,cat_3
1612,D,cat_1
1613,D,cat_3
1614,A,cat_2
1615,C,cat_1
1616,D,cat_3
1617,D,cat_2
1618,D,cat_2
1619,C,cat_2
1620,B,cat_1
1621,A,cat_2
1622,B,cat_2
1623,A,cat_1
1624,C,cat_2
1625,B,cat_3
1626,B,cat_1
1627,D,cat_3
1628,C,cat_3
1629,B,cat_3
1630,D,cat_3
1631,A,cat_1
1632,B,cat_1
1633,A,cat_1
1634,A,cat_1
1635,A,cat_2
1636,A,cat_2
1637,A,cat_1
1638,A,cat_2
1639,A,cat_3
1640,A,cat_2
1641,A,cat_3
1642,D,cat_2
1643,D,cat_3
1644,C,cat_3
1645,A,cat_3
1646,A,cat_2
1647,C,cat_2
1648,D,cat_3
1649,A,cat_1
1650,D,cat_2
1651,D,cat_2
1652,A,cat_1
1653,B,cat_3
1654,B,cat_1
1655,C,cat_2
1656,C,cat_3
1657,A,cat_2
1658,A,cat_3
1659,B,cat_1
1660,A,cat_2
1661,A,cat_1
1662,C,cat_1
1663,A,cat_3
1664,C,cat_3
1665,A,cat_1
1666,C,cat_2
1667,C,cat_1
1668,B,cat_1
1669,A,cat_1
1670,C,cat_1
1671,C,cat_3
1672,B,cat_1
1673,D,cat_3
1674,B,cat_3
1675,D,cat_3
1676,C,cat_3
1677,D,cat_1
1678,D,cat_1
1679,A,cat_3
1680,D,cat_2
1681,C,cat_1
1682,A,cat_1
1683,A,cat_2
1684,B,cat_2
1685,D,cat_1
1686,C,cat_1
1687,D,cat_3
1688,B,cat_2
1689,D,cat_2
1690,A,cat_3
1691,C,cat_1
1692,B,cat_3
1693,C,cat_2
1694,D,cat_3
1695,D,cat_2
1696,C,cat_3
1697,D,cat_3
1698,A,cat_2
1699,B,cat_2
1700,B,cat_2
1701,C,cat_3
1702,C,cat_1
1703,A,cat_1
1704,A,cat_2
1705,D,cat_3
1706,A,cat_1
1707,A,cat_1
1708,C,cat_1
1709,D,cat_3
1710,B,cat_1
1711,C,cat_1
1712,D,cat_3
1713,B,cat_2
1714,B,cat_1
1715,A,cat_1
1716,D,cat_3
1717,D,cat_3
1718,D,cat_3
1719,A,cat_3
1720,C,cat_2
1721,D,cat_3
1722,D,cat_1
1723,D,cat_1
1724,C,cat_3
1725,C,cat_1
1726,C,cat_1
1727,A,cat_2
1728,B,cat_2
1729,D,cat_1
1730,D,cat_1
1731,B,cat_2
1732,D,cat_3
1733,D,cat_3
1734,B,cat_1
1735,B,cat_1
1736,B,cat_2
1737,A,cat_1
1738,B,cat_2
1739,C,cat_1
1740,D,cat_3
1741,B,cat_2
1742,A,cat_1
1743,A,cat_3
1744,D,cat_3
1745,C,cat_2
1746,A,cat_1
1747,C,cat_2
1748,B,cat_3
1749,C,cat_3
1750,B,cat_2
1751,D,cat_3
1752,B,cat_2
1753,A,cat_2
1754,B,cat_1
1755,B,cat_2
1756,A,cat_2
1757,C,cat_2
1758,D,cat_3
1759,C,cat_1
1760,D,cat_1
1761,B,cat_2
1762,A,cat_3
1763,A,cat_3
1764,C,cat_3
1765,D,cat_2
1766,A,cat_2
1767,A,cat_3
1768,A,cat_2
1769,B,cat_2
1770,C,cat_2
1771,B,cat_2
1772,B,cat_2
1773,C,cat_2
1774,B,cat_2
1775,D,cat_3
1776,A,cat_1
1777,C,cat_2
1778,C,cat_3
1779,C,cat_2
1780,B,cat_1
1781,D,cat_2
1782,B,cat_2
1783,A,cat_2
1784,A,cat_3
1785,C,cat_2
1786,B,cat_2
1787,B,cat_3
1788,A,cat_3
1789,D,cat_3
1790,D,cat_1
1791,B,cat_3
1792,C,cat_2
1793,A,cat_3
1794,B,cat_2
1795,C,cat_1
1796,D,cat_3
1797,B,cat_2
1798,D,cat_2
1799,D,cat_1
1800,A,cat_1
1801,B,cat_1
1802,D,cat_3
1803,D,cat_3
1804,D,cat_3
1805,C,cat_1
1806,A,cat_3
1807,C,cat_2
1808,D,cat_3
1809,C,cat_2
1810,B,cat_1
1811,C,cat_2
1812,A,cat_1
1813,D,cat_1
1814,B,cat_2
1815,D,cat_1
1816,A,cat_2
1817,C,cat_1
1818,C,cat_3
1819,B,cat_1
1820,C,cat_2
1821,B,cat_1
1822,D,cat_3
1823,B,cat_3
1824,B,cat_3
1825,D,cat_3
1826,A,cat_1
1827,A,cat_2
1828,C,cat_3
1829,A,cat_2
1830,C,cat_1
1831,A,cat_1
1832,C,cat_2
1833,D,cat_1
1834,A,cat_3
1835,C,cat_2
1836,A,cat_2
1837,A,cat_1
1838,B,cat_2
1839,D,cat_2
1840,B,cat_1
1841,A,cat_3
1842,C,cat_2
1843,B,cat_2
1844,C,cat_2
1845,C,cat_1
1846,B,cat_2
1847,A,cat_3
1848,A,cat_2
1849,D,cat_2
1850,D,cat_2
1851,D,cat_3
1852,C,cat_2
1853,C,cat_2
1854,A,cat_3
1855,B,cat_2
1856,B,cat_3
1857,B,cat_2
1858,B,cat_3
1859,D,cat_2
1860,B,cat_1
1861,D,cat_3
1862,D,cat_2
1863,C,cat_3
1864,A,cat_1
1865,A,cat_3
1866,C,cat_2
1867,A,cat_1
1868,B,cat_3
1869,A,cat_2
1870,B,cat_3
1871,D,cat_1
1872,B,cat_3
1873,D,cat_1
1874,C,cat_3
1875,D,cat_2
1876,B,cat_2
1877,B,cat_3
1878,B,cat_2
1879,C,cat_1
1880,A,cat_2
1881,B,cat_3
1882,B,cat_3
1883,D,cat_3
1884,C,cat_1
1885,C,cat_3
1886,D,cat_3
1887,A,cat_1
1888,C,cat_3
1889,C,cat_2
1890,C,cat_3
1891,A,cat_2
1892,B,cat_2
1893,A,cat_2
1894,B,cat_1
1895,D,cat_2
1896,C,cat_3
1897,A,cat_3
1898,A,cat_1
1899,A,cat_3
1900,A,cat_3
1901,D,cat_1
1902,C,cat_2
1903,A,cat_2
1904,B,cat_3
1905,B,cat_3
1906,D,cat_1
1907,A,cat_3
1908,C,cat_3
1909,A,cat_2
1910,A,cat_3
1911,C,cat_1
1912,B,cat_3
1913,B,cat_1
1914,C,cat_2
1915,D,cat_3
1916,A,cat_3
1917,A,cat_1
1918,D,cat_2
1919,D,cat_1
1920,B,cat_1
1921,B,cat_1
1922,B,cat_3
1923,A,cat_2
1924,A,cat_2
1925,B,cat_2
1926,C,cat_3
1927,A,cat_3
1928,B,cat_2
1929,A,cat_1
1930,D,cat_1
1931,C,cat_2
1932,B,cat_2
1933,D,cat_2
1934,D,cat_3
1935,D,cat_1
1936,D,cat_3
1937,A,cat_3
1938,B,cat_3
1939,D,cat_1
1940,D,cat_3
1941,A,cat_1
1942,D,cat_1
1943,B,cat_1
1944,D,cat_2
1945,B,cat_3
1946,B,cat_2
1947,D,cat_1
1948,A,cat_2
1949,D,cat_3
1950,D,cat_3
1951,D,cat_1
1952,B,cat_1
1953,D,cat_1
1954,C,cat_1
1955,C,cat_3
1956,D,cat_2
1957,B,cat_2
1958,D,cat_1
1959,D,cat_2
1960,B,cat_1
1961,D,cat_2
1962,A,cat_1
1963,B,cat_2
1964,D,cat_2
1965,D,cat_3
1966,C,cat_2
1967,D,cat_1
1968,D,cat_1
1969,B,cat_3
1970,B,cat_1
1971,A,cat_3
1972,A,cat_3
1973,C,cat_1
1974,C,cat_1
1975,B,cat_1
1976,C,cat_2
1977,A,cat_2
1978,C,cat_3
1979,C,cat_1
1980,B,cat_3
1981,A,cat_1
1982,A,cat_1
1983,C,cat_3
1984,A,cat_3
1985,D,cat_1
1986,B,cat_3
1987,A,cat_3
1988,B,cat_2
1989,C,cat_3
1990,A,cat_2
1991,B,cat_3
1992,D,cat_3
1993,C,cat_3
1994,D,cat_3
1995,A,cat_1
1996,D,cat_3
1997,C,cat_2
1998,B,cat_3
1999,C,cat_2
2000,B,cat_3
2001,A,cat_1
2002,B,cat_3
2003,B,cat_3
2004,A,cat_2
2005,D,cat_2
2006,A,cat_3
2007,D,cat_1
2008,B,cat_1
2009,A,cat_2
2010,D,cat_1
2011,C,cat_3
2012,A,cat_3
2013,C,cat_2
2014,B,cat_3
2015,A,cat_2
2016,C,cat_3
2017,D,cat_1
2018,A,cat_3
2019,A,cat_1
2020,C,cat_3
2021,A,cat_2
2022,D,cat_1
2023,C,cat_2
2024,C,cat_3
2025,B,cat_3
2026,D,cat_1
2027,B,cat_3
2028,A,cat_2
2029,C,cat_2
2030,D,cat_2
2031,A,cat_3
2032,B,cat_3
2033,A,cat_2
2034,B,cat_1
2035,B,cat_1
2036,A,cat_3
2037,C,cat_2
2038,A,cat_2
2039,D,cat_1
2040,C,cat_1
2041,A,cat_3
2042,D,cat_2
2043,C,cat_1
2044,B,cat_2
2045,B,cat_1
2046,B,cat_2
2047,D,cat_3
2048,D,cat_1
2049,A,cat_2
2050,A,cat_2
2051,A,cat_3
2052,A,cat_2
2053,B,cat_2
2054,A,cat_1
2055,C,cat_3
2056,B,cat_2
2057,A,cat_1
2058,C,cat_2
2059,D,cat_3
2060,D,cat_1
2061,B,cat_2
2062,D,cat_1
2063,C,cat_1
2064,D,cat_1
2065,A,cat_3
2066,C,cat_1
2067,A,cat_2
2068,A,cat_1
2069,B,cat_2
2070,A,cat_3
2071,B,cat_1
2072,A,cat_2
2073,B,cat_3
2074,C,cat_2
2075,A,cat_3
2076,B,cat_3
2077,D,cat_3
2078,B,cat_3
2079,B,cat_2
2080,A,cat_3
2081,C,cat_1
2082,B,cat_2
2083,B,cat_2
2084,D,cat_2
2085,A,cat_1
2086,C,cat_1
2087,C,cat_1
2088,C,cat_2
2089,D,cat_3
2090,B,cat_1
2091,A,cat_1
2092,C,cat_2
2093,A,cat_3
2094,A,cat_1
2095,B,cat_3
2096,A,cat_1
2097,C,cat_1
2098,D,cat_2
2099,C,cat_1
2100,C,cat_1
2101,D,cat_3
2102,B,cat_2
2103,D,cat_2
2104,D,cat_1
2105,C,cat_1
2106,C,cat_2
2107,D,cat_1
2108,A,cat_1
2109,C,cat_3
2110,A,cat_3
2111,A,cat_3
2112,B,cat_1
2113,B,cat_2
2114,A,cat_2
2115,C,cat_3
2116,B,cat_1
2117,C,cat_2
2118,A,cat_1
2119,A,cat_1
2120,D,cat_2
2121,A,cat_3
2122,D,cat_2
2123,C,cat_1
2124,B,cat_1
2125,A,cat_1
2126,A,cat_1
2127,C,cat_2
2128,A,cat_2
2129,A,cat_3
2130,B,cat_1
2131,A,cat_3
2132,A,cat_1
2133,D,cat_2
2134,B,cat_2
2135,A,cat_2
2136,D,cat_1
2137,B,cat_1
2138,B,cat_1
2139,D,cat_1
2140,B,cat_1
2141,A,cat_1
2142,D,cat_3
2143,C,cat_3
2144,B,cat_2
2145,D,cat_1
2146,C,cat_2
2147,C,cat_1
2148,C,cat_3
2149,B,cat_2
2150,A,cat_3
2151,C,cat_3
2152,C,cat_1
2153,B,cat_1
2154,A,cat_3
2155,B,cat_2
2156,A,cat_3
2157,A,cat_3
2158,D,cat_1
2159,D,cat_2
2160,C,cat_2
2161,D,cat_1
2162,C,cat_1
2163,B,cat_1
2164,A,cat_1
2165,A,cat_2
2166,B,cat_1
2167,C,cat_2
2168,B,cat_1
2169,C,cat_1
2170,B,cat_2
2171,A,cat_3
2172,C,cat_1
2173,A,cat_1
2174,B,cat_1
2175,C,cat_1
2176,D,cat_3
2177,B,cat_1
2178,C,cat_2
2179,C,cat_3
2180,D,cat_2
2181,A,cat_3
2182,C,cat_3
2183,D,cat_2
2184,D,cat_3
2185,A,cat_2
2186,A,cat_3
2187,B,cat_1
2188,B,cat_1
2189,B,cat_1
2190,B,cat_3
2191,A,cat_3
2192,B,cat_2
2193,A,cat_3
2194,D,cat_2
2195,D,cat_3
2196,D,cat_2
2197,C,cat_3
2198,C,cat_3
2199,B,cat_1
2200,D,cat_1
2201,A,cat_1
2202,B,cat_2
2203,A,cat_2
2204,A,cat_3
2205,A,cat_1
2206,B,cat_3
2207,B,cat_1
2208,D,cat_1
2209,A,cat_1
2210,B,cat_2
2211,A,cat_3
2212,C,cat_3
2213,A,cat_2
2214,C,cat_1
2215,C,cat_3
2216,C,cat_3
2217,C,cat_2
2218,D,cat_1
2219,A,cat_2
2220,A,cat_3
2221,D,cat_2
2222,C,cat_2
2223,B,cat_3
2224,D,cat_2
2225,A,cat_3
2226,C,cat_3
2227,A,cat_2
2228,D,cat_1
2229,C,cat_2
2230,C,cat_2
2231,D,cat_3
2232,A,cat_1
2233,D,cat_2
2234,C,cat_2
2235,B,cat_1
2236,A,cat_2
2237,A,cat_3
2238,C,cat_2
2239,B,cat_1
2240,B,cat_3
2241,A,cat_1
2242,D,cat_2
2243,D,cat_1
2244,C,cat_3
2245,B,cat_3
2246,A,cat_3
2247,A,cat_3
2248,B,cat_1
2249,D,cat_3
2250,C,cat_1
2251,D,cat_2
2252,D,cat_2
2253,A,cat_2
2254,D,cat_1
2255,C,cat_1
2256,B,cat_1
2257,A,cat_1
2258,B,cat_1
2259,B,cat_2
2260,C,cat_1
2261,C,cat_1
2262,D,cat_3
2263,B,cat_1
2264,D,cat_3
2265,B,cat_3
2266,B,cat_3
2267,D,cat_2
2268,A,cat_2
2269,B,cat_2
2270,C,cat_1
2271,A,cat_2
2272,C,cat_3
2273,B,cat_2
2274,B,cat_2
2275,C,cat_3
2276,D,cat_3
2277,A,cat_3
2278,B,cat_2
2279,A,cat_2
2280,A,cat_2
2281,A,cat_1
2282,C,cat_3
2283,B,cat_3
2284,A,cat_3
2285,D,cat_3
2286,B,cat_2
2287,B,cat_2
2288,A,cat_1
2289,B,cat_2
2290,A,cat_2
2291,C,cat_1
2292,D,cat_2
2293,C,cat_2
2294,C,cat_1
2295,A,cat_1
2296,C,cat_1
2297,D,cat_2
2298,B,cat_2
2299,D,cat_1
2300,B,cat_3
2301,C,cat_1
2302,D,cat_1
2303,A,cat_1
2304,B,cat_1
2305,A,cat_3
2306,B,cat_1
2307,A,cat_2
2308,D,cat_3
2309,D,cat_1
2310,B,cat_1
2311,B,cat_3
2312,A,cat_3
2313,A,cat_1
2314,C,cat_1
2315,B,cat_1
2316,D,cat_1
2317,A,cat_3
2318,D,cat_2
2319,C,cat_3
2320,D,cat_2
2321,C,cat_1
2322,B,cat_2
2323,A,cat_3
2324,D,cat_2
2325,D,cat_1
2326,B,cat_1
2327,A,cat_2
2328,A,cat_2
2329,C,cat_1
2330,A,cat_2
2331,B,cat_3
2332,C,cat_2
2333,C,cat_3
2334,A,cat_2
2335,B,cat_1
2336,B,cat_2
2337,A,cat_1
2338,C,cat_1
2339,B,cat_1
2340,A,cat_1
2341,A,cat_2
2342,B,cat_3
2343,C,cat_3
2344,C,cat_1
2345,D,cat_3
2346,B,cat_1
2347,A,cat_1
2348,A,cat_3
2349,C,cat_3
2350,D,cat_3
2351,A,cat_2
2352,B,cat_3
2353,C,cat_2
2354,C,cat_1
2355,C,cat_1
2356,C,cat_3
2357,D,cat_1
2358,A,cat_3
2359,D,cat_2
2360,B,cat_1
2361,A,cat_3
2362,C,cat_2
2363,C,cat_1
2364,D,cat_3
2365,C,cat_1
2366,C,cat_3
2367,A,cat_3
2368,C,cat_2
2369,B,cat_1
2370,C,cat_1
2371,A,cat_2
2372,C,cat_2
2373,C,cat_2
2374,A,cat_2
2375,B,cat_3
2376,B,cat_1
2377,B,cat_3
2378,C,cat_1
2379,B,cat_3
2380,B,cat_1
2381,A,cat_3
2382,A,cat_3
2383,D,cat_3
2384,D,cat_3
2385,C,cat_3
2386,A,cat_2
2387,C,cat_3
2388,D,cat_3
2389,B,cat_1
2390,D,cat_3
2391,D,cat_3
2392,B,cat_2
2393,A,cat_3
2394,C,cat_2
2395,D,cat_3
2396,C,cat_3
2397,B,cat_3
2398,D,cat_3
2399,D,cat_3
2400,C,cat_1
2401,A,cat_2
2402,A,cat_3
2403,A,cat_1
2404,B,cat_1
2405,C,cat_2
2406,B,cat_1
2407,D,cat_3
2408,C,cat_1
2409,D,cat_1
2410,D,cat_2
2411,C,cat_3
2412,D,cat_2
2413,A,cat_2
2414,D,cat_1
2415,C,cat_3
2416,D,cat_1
2417,C,cat_3
2418,C,cat_2
2419,D,cat_3
2420,D,cat_1
2421,A,cat_1
2422,B,cat_2
2423,D,cat_2
2424,A,cat_3
2425,C,cat_1
2426,A,cat_2
2427,D,cat_3
2428,A,cat_3
2429,A,cat_1
2430,C,cat_3
2431,C,cat_2
2432,A,cat_1
2433,B,cat_2
2434,B,cat_3
2435,A,cat_1
2436,A,cat_2
2437,C,cat_1
2438,C,cat_1
2439,D,cat_3
2440,A,cat_3
2441,D,cat_3
2442,B,cat_2
2443,D,cat_3
2444,D,cat_2
2445,C,cat_3
2446,C,cat_3
2447,C,cat_2
2448,A,cat_1
2449,C,cat_1
2450,B,cat_3
2451,C,cat_2
2452,D,cat_2
2453,C,cat_1
2454,C,cat_1
2455,D,cat_1
2456,D,cat_2
2457,C,cat_3
2458,D,cat_1
2459,C,cat_3
2460,B,cat_2
2461,C,cat_3
2462,D,cat_2
2463,A,cat_3
2464,A,cat_3
2465,D,cat_2
2466,D,cat_3
2467,D,cat_3
2468,C,cat_3
2469,D,cat_1
2470,A,cat_3
2471,B,cat_3
2472,A,cat_1
2473,A,cat_1
2474,B,cat_1
2475,C,cat_3
2476,C,cat_3
2477,C,cat_2
2478,C,cat_1
2479,C,cat_2
2480,C,cat_2
2481,A,cat_2
2482,A,cat_1
2483,A,cat_3
2484,C,cat_3
2485,A,cat_3
2486,C,cat_1
2487,B,cat_2
2488,B,cat_1
2489,A,cat_1
2490,D,cat_3
2491,B,cat_1
2492,B,cat_3
2493,D,cat_3
2494,C,cat_1
2495,D,cat_3
2496,C,cat_2
2497,C,cat_3
2498,C,cat_3
2499,B,cat_1
2500,A,cat_3
2501,A,cat_1
2502,D,cat_3
2503,C,cat_2
2504,B,cat_2
2505,B,cat_3
2506,D,cat_2
2507,C,cat_3
2508,B,cat_1
2509,D,cat_2
2510,B,cat_3
2511,B,cat_1
2512,C,cat_3
2513,C,cat_2
2514,B,cat_2
2515,B,cat_1
2516,C,cat_1
2517,B,cat_2
2518,B,cat_3
2519,B,cat_1
2520,C,cat_2
2521,C,cat_3
2522,A,cat_2
2523,D,cat_3
2524,C,cat_2
2525,B,cat_3
2526,D,cat_2
2527,D,cat_2
2528,A,cat_1
2529,A,cat_3
2530,B,cat_3
2531,B,cat_1
2532,C,cat_1
2533,A,cat_3
2534,B,cat_2
2535,B,cat_2
2536,B,cat_2
2537,D,cat_3
2538,C,cat_3
2539,A,cat_1
2540,D,cat_2
2541,C,cat_2
2542,C,cat_2
2543,D,cat_1
2544,C,cat_3
2545,C,cat_3
2546,D,cat_2
2547,A,cat_3
2548,D,cat_3
2549,D,cat_3
2550,B,cat_1
2551,A,cat_1
2552,A,cat_2
2553,A,cat_3
2554,C,cat_2
2555,D,cat_1
2556,C,cat_2
2557,B,cat_1
2558,A,cat_1
2559,C,cat_1
2560,D,cat_2
2561,D,cat_2
2562,D,cat_1
2563,B,cat_1
2564,A,cat_3
2565,D,cat_3
2566,D,cat_1
2567,B,cat_1
2568,A,cat_1
2569,B,cat_1
2570,B,cat_1
2571,C,cat_1
2572,A,cat_1
2573,B,cat_2
2574,A,cat_2
2575,B,cat_2
2576,B,cat_1
2577,B,cat_1
2578,A,cat_2
2579,D,cat_2
2580,C,cat_2
2581,C,cat_3
2582,A,cat_2
2583,D,cat_2
2584,C,cat_2
2585,D,cat_1
2586,A,cat_1
2587,C,cat_1
2588,B,cat_3
2589,D,cat_3
2590,A,cat_1
2591,A,cat_1
2592,D,cat_3
2593,A,cat_1
2594,C,cat_2
2595,B,cat_2
2596,B,cat_3
2597,A,cat_1
2598,C,cat_3
2599,A,cat_1
2600,A,cat_1
2601,B,cat_3
2602,C,cat_2
2603,A,cat_2
2604,B,cat_1
2605,C,cat_1
2606,B,cat_3
2607,D,cat_3
2608,A,cat_3
2609,D,cat_1
2610,D,cat_3
2611,D,cat_2
2612,A,cat_1
2613,D,cat_1
2614,A,cat_3
2615,B,cat_1
2616,D,cat_3
2617,A,cat_3
2618,D,cat_3
2619,D,cat_2
2620,D,cat_3
2621,A,cat_2
2622,C,cat_3
2623,B,cat_1
2624,C,cat_3
2625,A,cat_3
2626,B,cat_3
2627,C,cat_3
2628,D,cat_1
2629,C,cat_2
2630,B,cat_1
2631,D,cat_1
2632,A,cat_1
2633,A,cat_3
2634,D,cat_1
2635,B,cat_3
2636,C,cat_3
2637,C,cat_3
2638,A,cat_1
2639,A,cat_2
2640,B,cat_1
2641,C,cat_3
2642,B,cat_1
2643,B,cat_1
2644,A,cat_1
2645,C,cat_2
2646,B,cat_3
2647,B,cat_1
2648,D,cat_3
2649,D,cat_3
2650,D,cat_1
2651,B,cat_2
2652,C,cat_2
2653,B,cat_1
2654,A,cat_3
2655,D,cat_3
2656,B,cat_1
2657,A,cat_2
2658,B,cat_3
2659,C,cat_1
2660,B,cat_1
2661,D,cat_2
2662,C,cat_2
2663,B,cat_3
2664,A,cat_3
2665,D,cat_1
2666,A,cat_1
2667,C,cat_3
2668,B,cat_1
2669,D,cat_1
2670,B,cat_3
2671,A,cat_3
2672,D,cat_2
2673,D,cat_3
2674,A,cat_2
2675,A,cat_3
2676,A,cat_1
2677,C,cat_2
2678,B,cat_2
2679,A,cat_3
2680,D,cat_2
2681,B,cat_2
2682,A,cat_2
2683,D,cat_2
2684,C,cat_3
2685,B,cat_1
2686,A,cat_1
2687,B,cat_2
2688,C,cat_3
2689,D,cat_1
2690,C,cat_3
2691,A,cat_1
2692,B,cat_3
2693,A,cat_2
2694,B,cat_3
2695,C,cat_3
2696,B,cat_2
2697,C,cat_3
2698,C,cat_3
2699,A,cat_3
2700,B,cat_2
2701,D,cat_2
2702,D,cat_2
2703,B,cat_3
2704,C,cat_2
2705,D,cat_3
2706,C,cat_3
2707,B,cat_1
2708,B,cat_3
2709,C,cat_1
2710,B,cat_3
2711,A,cat_1
2712,B,cat_3
2713,C,cat_3
2714,B,cat_1
2715,A,cat_1
2716,C,cat_2
2717,B,cat_3
2718,A,cat_1
2719,D,cat_2
2720,C,cat_2
2721,C,cat_1
2722,C,cat_2
2723,D,cat_1
2724,C,cat_1
2725,D,cat_1
2726,A,cat_3
2727,C,cat_3
2728,A,cat_2
2729,D,cat_3
2730,D,cat_2
2731,C,cat_3
2732,D,cat_1
2733,A,cat_2
2734,D,cat_3
2735,B,cat_3
2736,D,cat_1
2737,B,cat_2
2738,A,cat_3
2739,A,cat_1
2740,D,cat_1
2741,A,cat_3
2742,B,cat_3
2743,A,cat_1
2744,B,cat_1
2745,C,cat_1
2746,B,cat_3
2747,A,cat_1
2748,A,cat_3
2749,B,cat_3
2750,C,cat_1
2751,A,cat_1
2752,C,cat_2
2753,A,cat_3
2754,C,cat_1
2755,C,cat_1
2756,B,cat_3
2757,A,cat_1
2758,A,cat_3
2759,C,cat_1
2760,B,cat_2
2761,A,cat_3
2762,C,cat_2
2763,B,cat_1
2764,C,cat_1
2765,A,cat_2
2766,C,cat_3
2767,B,cat_1
2768,C,cat_3
2769,D,cat_1
2770,C,cat_3
2771,A,cat_1
2772,A,cat_3
2773,D,cat_3
2774,C,cat_1
2775,C,cat_3
2776,B,cat_1
2777,D,cat_2
2778,B,cat_3
2779,D,cat_1
2780,B,cat_1
2781,B,cat_2
2782,D,cat_1
2783,B,cat_3
2784,B,cat_3
2785,C,cat_2
2786,D,cat_2
2787,A,cat_3
2788,B,cat_1
2789,C,cat_2
2790,B,cat_2
2791,B,cat_1
2792,B,cat_1
2793,D,cat_2
2794,C,cat_3
2795,D,cat_3
2796,C,cat_1
2797,A,cat_3
2798,B,cat_2
2799,D,cat_1
2800,A,cat_3
2801,C,cat_2
2802,B,cat_3
2803,B,cat_3
2804,A,cat_3
2805,B,cat_3
2806,A,cat_3
2807,A,cat_3
2808,D,cat_2
2809,A,cat_2
2810,A,cat_2
2811,C,cat_1
2812,C,cat_1
2813,B,cat_1
2814,D,cat_2
2815,B,cat_3
2816,D,cat_2
2817,A,cat_2
2818,D,cat_1
2819,A,cat_3
2820,C,cat_3
2821,B,cat_2
2822,D,cat_2
2823,A,cat_2
2824,D,cat_1
2825,D,cat_2
2826,C,cat_1
2827,A,cat_2
2828,B,cat_2
2829,B,cat_1
2830,D,cat_2
2831,A,cat_2
2832,A,cat_2
2833,C,cat_1
2834,C,cat_2
2835,D,cat_1
2836,C,cat_3
2837,B,cat_1
2838,C,cat_3
2839,A,cat_3
2840,B,cat_2
2841,D,cat_3
2842,C,cat_3
2843,B,cat_2
2844,D,cat_2
2845,A,cat_1
2846,A,cat_2
2847,B,cat_2
2848,A,cat_1
2849,B,cat_1
2850,D,cat_2
2851,D,cat_1
2852,A,cat_1
2853,B,cat_3
2854,C,cat_1
2855,A,cat_2
2856,B,cat_3
2857,C,cat_2
2858,D,cat_1
2859,C,cat_2
2860,D,cat_1
2861,A,cat_1
2862,C,cat_1
2863,B,cat_2
2864,B,cat_1
2865,A,cat_3
2866,D,cat_3
2867,C,cat_1
2868,D,cat_3
2869,C,cat_2
2870,D,cat_3
2871,D,cat_3
2872,C,cat_3
2873,B,cat_3
2874,A,cat_3
2875,B,cat_2
2876,C,cat_1
2877,B,cat_2
2878,C,cat_2
2879,C,cat_2
2880,B,cat_1
2881,B,cat_1
2882,D,cat_2
2883,A,cat_1
2884,D,cat_2
2885,C,cat_3
2886,B,cat_3
2887,A,cat_3
2888,B,cat_1
2889,D,cat_2
2890,B,cat_1
2891,C,cat_1
2892,A,cat_2
2893,B,cat_1
2894,B,cat_1
2895,A,cat_1
2896,B,cat_1
2897,B,cat_2
2898,B,cat_2
2899,C,cat_3
2900,C,cat_1
2901,D,cat_2
2902,C,cat_1
2903,D,cat_1
2904,A,cat_3
2905,D,cat_1
2906,C,cat_2
2907,B,cat_1
2908,D,cat_2
2909,C,cat_2
2910,B,cat_1
2911,C,cat_2
2912,D,cat_3
2913,A,cat_1
2914,C,cat_3
2915,C,cat_2
2916,A,cat_2
2917,B,cat_2
2918,B,cat_3
2919,A,cat_3
2920,C,cat_1
2921,C,cat_3
2922,D,cat_1
2923,C,cat_2
2924,A,cat_2
2925,A,cat_2
2926,D,cat_3
2927,C,cat_3
2928,B,cat_2
2929,C,cat_2
2930,B,cat_3
2931,C,cat_3
2932,C,cat_1
2933,D,cat_2
2934,A,cat_1
2935,A,cat_2
2936,C,cat_3
2937,D,cat_1
2938,A,cat_2
2939,C,cat_1
2940,A,cat_2
2941,A,cat_1
2942,C,cat_3
2943,D,cat_3
2944,D,cat_3
2945,C,cat_1
2946,D,cat_2
2947,B,cat_1
2948,C,cat_1
2949,B,cat_1
2950,C,cat_1
2951,A,cat_2
2952,C,cat_2
2953,D,cat_2
2954,B,cat_2
2955,B,cat_2
2956,B,cat_3
2957,B,cat_2
2958,C,cat_2
2959,C,cat_2
2960,B,cat_3
2961,D,cat_1
2962,B,cat_3
2963,D,cat_3
2964,A,cat_2
2965,A,cat_3
2966,C,cat_2
2967,D,cat_3
2968,C,cat_1
2969,D,cat_2
2970,D,cat_3
2971,B,cat_2
2972,D,cat_2
2973,C,cat_1
2974,B,cat_3
2975,D,cat_1
2976,C,cat_2
2977,C,cat_2
2978,B,cat_2
2979,D,cat_3
2980,A,cat_2
2981,D,cat_2
2982,C,cat_1
2983,B,cat_1
2984,C,cat_1
2985,C,cat_3
2986,B,cat_3
2987,B,cat_1
2988,C,cat_3
2989,B,cat_2
2990,D,cat_2
2991,B,cat_2
2992,C,cat_1
2993,D,cat_2
2994,D,cat_3
2995,B,cat_2
2996,C,cat_1
2997,B,cat_1
2998,B,cat_1
2999,A,cat_3
3000,A,cat_1
