id,column_1,column_2,column_3
1,D,category_8,82
2,A,category_4,17
3,B,category_2,60
4,D,category_3,14
5,A,category_4,21
6,A,category_3,29
7,A,category_8,94
8,D,category_9,66
9,D,category_2,88
10,D,category_1,35
11,D,category_5,5
12,A,category_4,71
13,D,category_9,88
14,B,category_7,61
15,C,category_9,54
16,A,category_8,19
17,C,category_5,63
18,C,category_5,72
19,C,category_5,80
20,C,category_7,82
21,D,category_4,66
22,C,category_1,37
23,B,category_2,35
24,D,category_8,9
25,B,category_7,70
26,D,category_6,37
27,D,category_9,56
28,B,category_6,1
29,D,category_8,49
30,A,category_8,43
31,D,category_8,55
32,B,category_8,98
33,A,category_1,84
34,C,category_4,72
35,D,category_5,37
36,A,category_9,88
37,B,category_5,50
38,C,category_6,61
39,D,category_1,25
40,A,category_7,91
41,B,category_3,65
42,A,category_8,20
43,B,category_1,50
44,B,category_5,70
45,C,category_2,44
46,B,category_6,3
47,C,category_4,12
48,A,category_7,40
49,C,category_7,53
50,C,category_1,50
51,C,category_6,71
52,A,category_6,85
53,B,category_5,63
54,A,category_3,25
55,A,category_4,14
56,D,category_5,63
57,A,category_2,97
58,B,category_1,21
59,D,category_2,44
60,B,category_2,93
61,C,category_3,35
62,C,category_8,62
63,C,category_6,86
64,D,category_2,77
65,A,category_7,96
66,A,category_3,28
67,D,category_4,76
68,B,category_6,93
69,C,category_2,69
70,D,category_9,66
71,C,category_2,28
72,A,category_4,78
73,B,category_6,4
74,B,category_2,3
75,D,category_6,79
76,A,category_9,72
77,B,category_8,52
78,C,category_3,31
79,D,category_1,7
80,D,category_1,52
81,C,category_4,4
82,D,category_8,17
83,D,category_1,73
84,A,category_5,36
85,A,category_1,10
86,D,category_3,70
87,A,category_8,84
88,A,category_9,71
89,C,category_6,69
90,C,category_9,89
91,D,category_8,94
92,A,category_9,71
93,B,category_1,53
94,D,category_3,11
95,C,category_9,88
96,B,category_2,24
97,B,category_9,68
98,D,category_9,50
99,B,category_9,10
100,D,category_8,64
101,B,category_7,0
102,B,category_1,19
103,D,category_5,22
104,A,category_7,48
105,D,category_3,99
106,D,category_2,87
107,A,category_6,64
108,A,category_3,7
109,B,category_2,74
110,B,category_6,29
111,C,category_8,93
112,C,category_6,9
113,B,category_1,30
114,D,category_3,30
115,A,category_4,95
116,D,category_9,31
117,C,category_7,24
118,D,category_1,47
119,C,category_7,29
120,A,category_1,23
121,D,category_7,54
122,C,category_6,51
123,D,category_4,22
124,C,category_7,98
125,C,category_6,28
126,D,category_9,57
127,D,category_6,54
128,B,category_4,11
129,C,category_9,42
130,D,category_8,23
131,A,category_1,39
132,B,category_4,54
133,C,category_9,8
134,B,category_5,72
135,A,category_8,93
136,B,category_9,79
137,D,category_7,79
138,A,category_7,76
139,C,category_5,61
140,B,category_5,39
141,B,category_9,14
142,B,category_7,57
143,B,category_5,42
144,C,category_3,18
145,B,category_7,85
146,D,category_2,32
147,B,category_2,61
148,C,category_8,40
149,B,category_9,21
150,B,category_2,59
151,C,category_9,10
152,D,category_8,7
153,A,category_8,17
154,B,category_5,91
155,A,category_6,75
156,B,category_4,68
157,B,category_7,27
158,A,category_4,43
159,D,category_2,30
160,A,category_1,22
161,A,category_5,98
162,C,category_1,64
163,D,category_9,20
164,A,category_8,2
165,B,category_5,96
166,A,category_8,77
167,C,category_6,84
168,D,category_9,84
169,A,category_1,80
170,D,category_4,84
171,C,category_5,63
172,D,category_8,36
173,D,category_5,58
174,C,category_8,73
175,B,category_2,96
176,B,category_5,95
177,B,category_4,96
178,A,category_4,23
179,A,category_1,93
180,C,category_8,3
181,A,category_9,79
182,A,category_9,73
183,A,category_5,13
184,B,category_8,3
185,D,category_5,12
186,B,category_2,90
187,B,category_7,13
188,D,category_4,90
189,C,category_8,60
190,B,category_8,65
191,A,category_2,88
192,C,category_3,34
193,A,category_6,22
194,D,category_3,53
195,A,category_4,90
196,C,category_3,47
197,B,category_4,11
198,A,category_9,25
199,D,category_3,71
200,B,category_1,43
201,D,category_6,14
202,D,category_3,71
203,B,category_7,78
204,C,category_9,10
205,A,category_1,33
206,B,category_7,84
207,D,category_5,24
208,C,category_2,40
209,A,category_5,94
210,D,category_1,6
211,D,category_3,59
212,C,category_3,82
213,A,category_4,42
214,B,category_1,99
215,D,category_1,68
216,A,category_8,59
217,D,category_6,17
218,C,category_7,36
219,D,category_6,64
220,B,category_1,76
221,A,category_8,60
222,D,category_8,1
223,A,category_1,76
224,A,category_6,33
225,B,category_2,75
226,A,category_7,21
227,C,category_3,64
228,D,category_5,23
229,C,category_9,71
230,C,category_2,10
231,B,category_7,92
232,D,category_7,45
233,C,category_4,78
234,D,category_3,91
235,C,category_7,36
236,A,category_4,56
237,A,category_1,40
238,D,category_3,53
239,C,category_5,73
240,C,category_1,38
241,B,category_7,59
242,A,category_6,52
243,D,category_8,94
244,C,category_6,51
245,B,category_9,43
246,B,category_2,48
247,D,category_1,2
248,D,category_7,99
249,C,category_6,62
250,A,category_3,26
251,A,category_6,56
252,B,category_9,53
253,D,category_4,13
254,C,category_7,40
255,B,category_2,24
256,A,category_2,3
257,C,category_8,43
258,B,category_5,81
259,A,category_3,88
260,A,category_5,87
261,A,category_8,73
262,C,category_9,27
263,D,category_2,46
264,A,category_8,53
265,B,category_2,2
266,A,category_4,33
267,C,category_1,55
268,A,category_6,33
269,C,category_5,29
270,A,category_4,43
271,A,category_6,1
272,C,category_4,1
273,B,category_4,89
274,A,category_6,5
275,C,category_1,5
276,A,category_8,59
277,D,category_7,80
278,A,category_9,62
279,B,category_4,61
280,C,category_6,81
281,B,category_9,5
282,B,category_7,4
283,D,category_9,99
284,C,category_7,94
285,A,category_4,56
286,A,category_4,43
287,B,category_4,19
288,D,category_1,89
289,C,category_5,32
290,A,category_1,33
291,D,category_5,42
292,D,category_5,93
293,B,category_3,41
294,A,category_6,30
295,D,category_5,40
296,C,category_4,8
297,A,category_8,33
298,A,category_1,63
299,C,category_2,75
300,B,category_6,79
301,A,category_9,73
302,D,category_6,90
303,C,category_4,40
304,D,category_6,61
305,D,category_4,23
306,D,category_7,6
307,C,category_5,47
308,B,category_9,32
309,C,category_7,34
310,D,category_2,94
311,A,category_5,7
312,C,category_3,55
313,C,category_1,78
314,A,category_4,49
315,C,category_5,56
316,B,category_8,93
317,C,category_6,95
318,D,category_6,2
319,A,category_6,48
320,B,category_9,12
321,A,category_4,48
322,B,category_4,2
323,C,category_9,62
324,B,category_9,57
325,D,category_7,23
326,D,category_6,29
327,A,category_2,71
328,D,category_6,98
329,A,category_5,81
330,B,category_3,90
331,C,category_4,60
332,D,category_6,96
333,D,category_4,47
334,C,category_6,22
335,B,category_9,27
336,B,category_4,48
337,A,category_6,67
338,B,category_3,26
339,B,category_8,6
340,C,category_7,51
341,B,category_9,83
342,A,category_1,1
343,C,category_2,79
344,B,category_4,16
345,B,category_8,13
346,B,category_7,69
347,C,category_5,59
348,B,category_6,16
349,C,category_3,33
350,C,category_3,29
351,B,category_5,52
352,A,category_7,74
353,B,category_5,30
354,B,category_5,52
355,D,category_2,46
356,D,category_8,84
357,D,category_7,21
358,D,category_5,30
359,A,category_9,51
360,A,category_2,85
361,B,category_2,81
362,D,category_9,38
363,D,category_9,56
364,D,category_4,31
365,B,category_3,81
366,C,category_1,19
367,C,category_7,57
368,B,category_9,4
369,B,category_5,34
370,A,category_7,5
371,C,category_6,88
372,D,category_1,71
373,C,category_9,31
374,C,category_9,56
375,B,category_7,20
376,C,category_4,97
377,D,category_8,44
378,A,category_5,16
379,B,category_3,59
380,A,category_4,69
381,C,category_1,31
382,B,category_9,74
383,B,category_3,36
384,B,category_7,70
385,B,category_9,30
386,B,category_6,41
387,B,category_2,98
388,B,category_4,91
389,A,category_7,75
390,C,category_3,46
391,B,category_2,75
392,D,category_6,75
393,A,category_7,25
394,B,category_9,84
395,A,category_7,78
396,D,category_6,33
397,B,category_1,4
398,B,category_3,88
399,B,category_8,39
400,A,category_9,72
401,C,category_7,73
402,A,category_5,38
403,C,category_9,18
404,D,category_3,64
405,A,category_3,51
406,A,category_4,71
407,B,category_5,79
408,D,category_3,1
409,C,category_3,12
410,A,category_1,49
411,B,category_4,65
412,A,category_1,86
413,D,category_9,98
414,D,category_8,81
415,D,category_1,15
416,B,category_6,96
417,A,category_7,95
418,D,category_7,78
419,A,category_7,76
420,B,category_1,75
421,D,category_1,21
422,B,category_9,71
423,D,category_3,48
424,C,category_2,52
425,D,category_8,45
426,B,category_1,63
427,C,category_7,59
428,B,category_5,29
429,C,category_5,8
430,D,category_5,25
431,D,category_3,38
432,B,category_2,3
433,D,category_8,12
434,D,category_1,89
435,D,category_5,74
436,A,category_8,41
437,D,category_8,24
438,D,category_2,73
439,C,category_1,53
440,A,category_9,0
441,C,category_6,63
442,D,category_5,81
443,A,category_4,12
444,A,category_6,71
445,D,category_7,99
446,D,category_3,48
447,D,category_2,23
448,D,category_6,5
449,A,category_3,21
450,C,category_7,36
451,A,category_4,88
452,C,category_4,5
453,D,category_4,57
454,C,category_2,45
455,C,category_1,47
456,D,category_7,92
457,D,category_7,7
458,A,category_7,86
459,A,category_8,70
460,A,category_9,17
461,D,category_4,94
462,D,category_6,85
463,A,category_1,5
464,A,category_3,95
465,C,category_5,78
466,A,category_7,42
467,C,category_9,26
468,C,category_4,61
469,D,category_8,45
470,D,category_2,1
471,B,category_7,51
472,C,category_7,52
473,A,category_5,61
474,D,category_9,57
475,D,category_9,9
476,D,category_3,26
477,B,category_9,63
478,D,category_2,28
479,A,category_7,35
480,A,category_9,61
481,D,category_5,77
482,A,category_7,73
483,C,category_8,72
484,C,category_5,75
485,A,category_6,94
486,A,category_1,97
487,B,category_2,39
488,A,category_8,39
489,D,category_1,28
490,B,category_8,16
491,C,category_3,27
492,A,category_2,57
493,B,category_2,0
494,D,category_1,21
495,D,category_2,22
496,B,category_4,49
497,A,category_3,54
498,A,category_6,32
499,B,category_5,49
500,B,category_2,7
501,B,category_4,34
502,B,category_1,38
503,D,category_7,86
504,B,category_5,21
505,B,category_9,24
506,A,category_2,62
507,A,category_4,93
508,D,category_8,73
509,B,category_1,47
510,D,category_7,48
511,C,category_9,78
512,A,category_7,45
513,D,category_4,9
514,A,category_5,51
515,B,category_6,88
516,C,category_1,76
517,D,category_3,68
518,A,category_1,65
519,B,category_1,29
520,B,category_2,55
521,D,category_6,36
522,D,category_3,61
523,A,category_4,77
524,D,category_1,56
525,D,category_8,91
526,A,category_1,72
527,B,category_4,69
528,D,category_8,76
529,B,category_1,47
530,A,category_5,36
531,C,category_1,5
532,A,category_3,99
533,C,category_1,62
534,A,category_2,2
535,B,category_6,53
536,A,category_6,65
537,D,category_3,73
538,D,category_2,68
539,B,category_1,17
540,C,category_4,49
541,C,category_7,57
542,D,category_8,91
543,A,category_4,70
544,B,category_5,46
545,B,category_2,66
546,C,category_8,16
547,C,category_8,27
548,A,category_7,79
549,A,category_7,31
550,D,category_4,96
551,B,category_2,73
552,C,category_9,75
553,A,category_3,75
554,A,category_7,47
555,C,category_1,50
556,B,category_3,1
557,D,category_4,97
558,D,category_4,4
559,C,category_9,88
560,D,category_1,15
561,B,category_1,85
562,B,category_4,32
563,B,category_5,59
564,D,category_8,69
565,A,category_5,0
566,D,category_5,22
567,C,category_5,9
568,B,category_3,93
569,A,category_3,22
570,D,category_9,33
571,B,category_9,41
572,D,category_8,90
573,A,category_1,56
574,A,category_6,45
575,B,category_8,0
576,B,category_3,0
577,D,category_4,86
578,D,category_1,48
579,A,category_7,81
580,C,category_4,49
581,B,category_1,21
582,B,category_2,61
583,D,category_9,56
584,A,category_5,79
585,A,category_8,37
586,B,category_4,13
587,B,category_3,47
588,A,category_4,82
589,D,category_1,56
590,D,category_8,95
591,C,category_7,67
592,B,category_9,51
593,B,category_5,43
594,B,category_3,82
595,C,category_8,33
596,B,category_2,2
597,B,category_7,20
598,A,category_8,64
599,B,category_5,67
600,B,category_4,20
601,B,category_6,9
602,C,category_8,92
603,D,category_1,42
604,A,category_3,78
605,B,category_6,9
606,B,category_4,92
607,B,category_7,18
608,A,category_2,27
609,A,category_7,85
610,D,category_2,50
611,A,category_1,50
612,C,category_1,40
613,A,category_8,78
614,B,category_7,1
615,B,category_1,31
616,D,category_1,6
617,A,category_3,22
618,B,category_5,36
619,C,category_3,62
620,C,category_7,45
621,D,category_8,87
622,D,category_2,14
623,A,category_8,81
624,A,category_8,50
625,C,category_9,69
626,C,category_3,61
627,D,category_3,7
628,D,category_7,11
629,D,category_7,19
630,A,category_1,16
631,D,category_9,67
632,C,category_9,55
633,C,category_4,5
634,A,category_5,22
635,C,category_5,78
636,C,category_3,48
637,C,category_3,36
638,C,category_6,44
639,A,category_2,77
640,A,category_1,44
641,D,category_4,70
642,A,category_8,28
643,A,category_8,96
644,A,category_6,6
645,C,category_3,22
646,B,category_6,63
647,C,category_9,25
648,D,category_4,26
649,D,category_3,71
650,B,category_6,60
651,A,category_7,20
652,B,category_9,9
653,A,category_7,5
654,A,category_5,37
655,B,category_8,92
656,A,category_5,24
657,C,category_1,98
658,C,category_8,17
659,C,category_7,57
660,D,category_9,45
661,C,category_5,8
662,A,category_9,63
663,A,category_7,47
664,C,category_5,29
665,D,category_7,73
666,C,category_4,70
667,B,category_1,42
668,A,category_3,82
669,D,category_3,13
670,B,category_8,75
671,C,category_2,39
672,A,category_4,61
673,D,category_7,73
674,D,category_3,74
675,D,category_7,46
676,A,category_1,3
677,D,category_7,60
678,D,category_4,74
679,B,category_5,15
680,D,category_7,69
681,A,category_5,73
682,A,category_2,67
683,B,category_4,99
684,A,category_7,88
685,C,category_5,32
686,B,category_9,79
687,C,category_8,21
688,B,category_8,90
689,D,category_6,49
690,A,category_7,64
691,B,category_9,10
692,A,category_3,72
693,B,category_3,33
694,D,category_9,17
695,C,category_2,55
696,B,category_1,38
697,A,category_5,49
698,C,category_8,43
699,B,category_6,10
700,A,category_7,94
701,A,category_8,46
702,D,category_3,23
703,D,category_1,24
704,C,category_2,5
705,C,category_7,61
706,B,category_6,86
707,A,category_1,68
708,D,category_8,29
709,C,category_5,64
710,A,category_4,70
711,A,category_8,40
712,A,category_8,17
713,A,category_6,73
714,C,category_2,19
715,B,category_1,62
716,D,category_2,70
717,A,category_2,39
718,A,category_8,36
719,A,category_6,45
720,D,category_3,15
721,B,category_2,18
722,A,category_7,83
723,A,category_2,68
724,B,category_1,29
725,C,category_6,38
726,C,category_2,73
727,A,category_3,42
728,B,category_7,80
729,C,category_5,13
730,C,category_1,63
731,D,category_8,45
732,C,category_9,46
733,A,category_8,31
734,A,category_8,15
735,B,category_9,41
736,A,category_8,61
737,D,category_4,17
738,A,category_3,74
739,A,category_5,2
740,B,category_3,32
741,C,category_8,80
742,D,category_6,4
743,D,category_3,6
744,C,category_2,18
745,C,category_7,13
746,C,category_4,47
747,D,category_6,1
748,D,category_3,6
749,B,category_9,96
750,C,category_4,9
751,A,category_6,39
752,A,category_9,27
753,D,category_9,23
754,B,category_2,32
755,B,category_1,59
756,C,category_3,89
757,D,category_1,97
758,A,category_3,31
759,C,category_1,55
760,C,category_9,33
761,D,category_5,56
762,C,category_7,76
763,D,category_8,2
764,B,category_2,79
765,D,category_4,53
766,C,category_7,33
767,B,category_7,95
768,A,category_5,46
769,D,category_5,82
770,A,category_1,83
771,C,category_6,63
772,C,category_9,72
773,C,category_7,17
774,B,category_1,35
775,D,category_2,70
776,A,category_5,65
777,B,category_9,34
778,D,category_2,66
779,B,category_6,65
780,D,category_5,58
781,B,category_6,30
782,D,category_6,22
783,D,category_4,23
784,D,category_8,51
785,A,category_5,63
786,B,category_1,53
787,C,category_9,91
788,C,category_9,56
789,C,category_9,48
790,D,category_8,42
791,C,category_5,13
792,D,category_6,99
793,D,category_4,1
794,A,category_8,32
795,B,category_9,79
796,D,category_5,26
797,C,category_9,91
798,D,category_2,66
799,A,category_8,16
800,D,category_2,3
801,B,category_2,0
802,C,category_7,94
803,A,category_2,15
804,C,category_1,13
805,B,category_6,43
806,D,category_5,88
807,D,category_2,36
808,D,category_3,5
809,C,category_2,9
810,B,category_9,15
811,D,category_5,89
812,A,category_1,53
813,A,category_8,36
814,C,category_5,38
815,B,category_8,97
816,A,category_7,54
817,C,category_8,67
818,B,category_8,36
819,C,category_8,79
820,A,category_9,80
821,D,category_2,50
822,B,category_3,96
823,A,category_4,59
824,D,category_3,28
825,B,category_4,2
826,B,category_5,74
827,A,category_9,64
828,B,category_1,81
829,A,category_7,79
830,C,category_3,75
831,C,category_3,33
832,C,category_9,76
833,B,category_2,25
834,D,category_1,21
835,D,category_5,19
836,C,category_6,42
837,B,category_9,12
838,C,category_2,18
839,B,category_5,8
840,D,category_9,10
841,B,category_8,43
842,A,category_5,50
843,D,category_9,76
844,C,category_6,0
845,C,category_5,19
846,D,category_8,49
847,A,category_6,15
848,D,category_9,48
849,B,category_1,6
850,A,category_6,27
851,C,category_6,88
852,A,category_8,79
853,D,category_8,39
854,C,category_4,22
855,D,category_9,8
856,B,category_7,59
857,A,category_4,51
858,B,category_7,42
859,B,category_4,46
860,C,category_1,39
861,A,category_1,33
862,D,category_6,38
863,D,category_4,57
864,D,category_3,3
865,D,category_5,81
866,B,category_6,70
867,B,category_2,40
868,B,category_2,60
869,B,category_4,76
870,A,category_3,89
871,B,category_4,59
872,B,category_8,76
873,C,category_2,37
874,C,category_9,48
875,A,category_6,79
876,A,category_7,39
877,A,category_4,76
878,D,category_8,84
879,C,category_6,79
880,C,category_7,71
881,B,category_1,28
882,B,category_3,83
883,B,category_4,60
884,A,category_6,19
885,C,category_4,82
886,C,category_2,54
887,D,category_3,24
888,D,category_2,56
889,D,category_7,36
890,A,category_9,89
891,D,category_7,71
892,C,category_8,22
893,C,category_1,14
894,A,category_1,37
895,D,category_1,79
896,C,category_5,81
897,A,category_7,82
898,A,category_1,15
899,D,category_8,7
900,A,category_5,24
901,B,category_5,94
902,D,category_9,36
903,D,category_3,4
904,A,category_9,15
905,D,category_8,98
906,D,category_6,28
907,B,category_5,67
908,A,category_8,85
909,A,category_5,83
910,B,category_5,75
911,C,category_7,78
912,D,category_3,13
913,B,category_4,39
914,C,category_6,64
915,B,category_8,83
916,A,category_7,49
917,A,category_6,54
918,A,category_9,20
919,D,category_4,22
920,B,category_3,68
921,B,category_6,42
922,C,category_6,73
923,C,category_6,35
924,D,category_5,77
925,A,category_9,68
926,D,category_2,56
927,C,category_4,59
928,B,category_5,72
929,D,category_4,22
930,C,category_5,90
931,B,category_1,23
932,D,category_4,44
933,D,category_6,89
934,A,category_6,30
935,C,category_7,97
936,D,category_2,82
937,B,category_2,41
938,D,category_7,29
939,A,category_8,4
940,A,category_6,49
941,B,category_4,5
942,B,category_5,41
943,A,category_3,81
944,B,category_7,17
945,B,category_9,25
946,B,category_9,11
947,B,category_8,19
948,A,category_3,34
949,D,category_4,80
950,D,category_3,90
951,C,category_4,57
952,D,category_3,53
953,D,category_2,63
954,B,category_6,39
955,C,category_8,21
956,B,category_6,51
957,D,category_1,30
958,D,category_7,65
959,C,category_4,50
960,B,category_1,97
961,C,category_1,52
962,C,category_1,54
963,A,category_1,38
964,B,category_1,52
965,B,category_1,72
966,D,category_2,32
967,B,category_1,58
968,B,category_7,53
969,D,category_9,90
970,D,category_8,60
971,C,category_8,67
972,D,category_6,91
973,D,category_1,47
974,C,category_3,9
975,B,category_4,8
976,C,category_8,23
977,A,category_1,82
978,D,category_6,63
979,D,category_4,97
980,D,category_9,31
981,D,category_6,17
982,D,category_4,41
983,C,category_5,84
984,D,category_8,88
985,A,category_9,83
986,A,category_3,78
987,C,category_8,79
988,A,category_7,2
989,D,category_7,28
990,B,category_2,61
991,A,category_3,1
992,B,category_8,55
993,B,category_9,78
994,C,category_6,75
995,A,category_6,29
996,B,category_1,41
997,A,category_8,80
998,D,category_1,6
999,B,category_4,85
1000,B,category_6,88
1001,B,category_7,55
1002,C,category_7,5
1003,A,category_5,94
1004,D,category_8,87
1005,A,category_2,21
1006,D,category_3,96
1007,A,category_7,33
1008,A,category_8,78
1009,D,category_7,52
1010,A,category_5,31
1011,D,category_4,92
1012,A,category_7,19
1013,D,category_3,84
1014,B,category_5,79
1015,C,category_1,89
1016,D,category_7,78
1017,C,category_3,94
1018,B,category_4,54
1019,D,category_9,29
1020,A,category_8,39
1021,D,category_5,65
1022,A,category_3,23
1023,C,category_2,45
1024,B,category_3,86
1025,D,category_3,15
1026,C,category_1,35
1027,B,category_4,81
1028,D,category_3,12
1029,A,category_5,11
1030,C,category_7,75
1031,A,category_2,99
1032,A,category_4,58
1033,A,category_5,6
1034,C,category_4,99
1035,D,category_9,66
1036,D,category_7,63
1037,B,category_7,98
1038,B,category_3,95
1039,B,category_4,81
1040,B,category_9,20
1041,D,category_8,9
1042,C,category_3,92
1043,C,category_2,53
1044,C,category_8,94
1045,A,category_4,58
1046,B,category_8,33
1047,D,category_9,92
1048,D,category_6,17
1049,A,category_2,14
1050,C,category_6,61
1051,A,category_4,68
1052,D,category_3,20
1053,C,category_6,37
1054,A,category_9,65
1055,D,category_4,82
1056,C,category_2,4
1057,C,category_6,72
1058,D,category_6,66
1059,D,category_8,34
1060,D,category_8,63
1061,B,category_6,15
1062,D,category_2,48
1063,D,category_8,0
1064,D,category_6,30
1065,D,category_7,65
1066,C,category_9,69
1067,B,category_5,10
1068,D,category_4,32
1069,A,category_9,88
1070,D,category_4,63
1071,C,category_1,8
1072,A,category_6,70
1073,C,category_8,18
1074,D,category_5,6
1075,D,category_1,57
1076,B,category_6,84
1077,A,category_3,84
1078,D,category_1,50
1079,A,category_8,88
1080,D,category_7,11
1081,D,category_6,16
1082,B,category_1,72
1083,A,category_6,6
1084,B,category_8,13
1085,B,category_6,58
1086,A,category_5,70
1087,C,category_1,97
1088,B,category_9,13
1089,A,category_8,2
1090,A,category_6,37
1091,B,category_4,79
1092,D,category_2,7
1093,C,category_3,58
1094,A,category_8,69
1095,D,category_6,10
1096,C,category_4,26
1097,C,category_9,77
1098,A,category_4,70
1099,A,category_6,1
1100,C,category_5,66
1101,C,category_5,35
1102,B,category_7,98
1103,D,category_7,27
1104,C,category_6,0
1105,A,category_4,24
1106,C,category_4,85
1107,C,category_5,48
1108,D,category_4,58
1109,C,category_7,52
1110,B,category_5,15
1111,B,category_4,25
1112,D,category_1,74
1113,A,category_6,8
1114,C,category_3,5
1115,B,category_7,75
1116,D,category_4,45
1117,A,category_8,25
1118,D,category_8,73
1119,B,category_3,98
1120,B,category_8,1
1121,D,category_3,92
1122,A,category_2,9
1123,C,category_3,50
1124,D,category_1,42
1125,D,category_6,75
1126,C,category_5,17
1127,D,category_8,70
1128,C,category_3,82
1129,B,category_5,5
1130,C,category_8,42
1131,D,category_7,66
1132,B,category_2,17
1133,C,category_1,58
1134,B,category_9,41
1135,B,category_5,92
1136,C,category_3,24
1137,C,category_9,20
1138,D,category_9,34
1139,D,category_2,29
1140,B,category_8,46
1141,B,category_8,47
1142,C,category_5,46
1143,B,category_5,48
1144,C,category_3,18
1145,A,category_7,45
1146,A,category_5,5
1147,C,category_3,88
1148,D,category_9,18
1149,A,category_8,83
1150,D,category_7,0
1151,C,category_7,93
1152,A,category_5,17
1153,B,category_1,20
1154,B,category_2,75
1155,A,category_7,81
1156,D,category_8,68
1157,A,category_2,13
1158,D,category_6,19
1159,B,category_4,19
1160,C,category_1,23
1161,B,category_8,51
1162,A,category_3,49
1163,A,category_9,13
1164,C,category_5,13
1165,B,category_2,32
1166,C,category_6,85
1167,A,category_9,51
1168,B,category_5,1
1169,A,category_7,40
1170,D,category_4,74
1171,C,category_2,63
1172,D,category_5,68
1173,D,category_3,55
1174,A,category_8,20
1175,B,category_4,76
1176,B,category_1,89
1177,D,category_2,33
1178,D,category_4,11
1179,C,category_2,66
1180,A,category_5,90
1181,D,category_7,4
1182,D,category_8,96
1183,A,category_4,99
1184,B,category_9,59
1185,D,category_9,52
1186,C,category_9,38
1187,C,category_9,37
1188,B,category_3,87
1189,A,category_3,94
1190,B,category_5,25
1191,C,category_6,35
1192,C,category_4,71
1193,D,category_9,58
1194,B,category_8,42
1195,B,category_4,45
1196,A,category_3,38
1197,D,category_4,8
1198,A,category_7,33
1199,A,category_8,47
1200,B,category_7,27
1201,D,category_6,48
1202,D,category_9,36
1203,B,category_8,26
1204,A,category_4,92
1205,B,category_9,32
1206,A,category_7,3
1207,C,category_9,69
1208,A,category_7,92
1209,A,category_3,17
1210,D,category_4,16
1211,A,category_1,54
1212,C,category_2,84
1213,D,category_6,81
1214,A,category_1,59
1215,A,category_9,8
1216,A,category_8,40
1217,B,category_2,84
1218,B,category_8,84
1219,B,category_8,64
1220,A,category_6,18
1221,A,category_4,54
1222,D,category_6,85
1223,A,category_9,11
1224,B,category_4,36
1225,B,category_5,61
1226,D,category_9,27
1227,A,category_2,99
1228,C,category_3,45
1229,D,category_8,32
1230,B,category_8,12
1231,A,category_4,41
1232,B,category_3,49
1233,C,category_8,99
1234,C,category_6,10
1235,B,category_8,4
1236,D,category_9,78
1237,D,category_1,33
1238,A,category_1,27
1239,D,category_8,71
1240,B,category_1,61
1241,A,category_9,79
1242,A,category_6,61
1243,C,category_5,95
1244,A,category_1,50
1245,B,category_2,60
1246,D,category_3,82
1247,D,category_5,85
1248,A,category_5,83
1249,A,category_8,98
1250,C,category_2,18
1251,B,category_6,73
1252,D,category_9,4
1253,D,category_7,68
1254,A,category_3,81
1255,A,category_2,25
1256,B,category_1,17
1257,D,category_8,23
1258,A,category_5,4
1259,D,category_7,9
1260,B,category_1,99
1261,C,category_2,71
1262,C,category_2,63
1263,A,category_2,23
1264,D,category_3,17
1265,A,category_8,93
1266,A,category_5,68
1267,A,category_9,52
1268,D,category_9,11
1269,D,category_6,4
1270,A,category_1,73
1271,C,category_2,13
1272,D,category_7,81
1273,D,category_2,92
1274,A,category_1,81
1275,A,category_9,59
1276,C,category_1,52
1277,C,category_1,52
1278,B,category_1,90
1279,B,category_1,43
1280,B,category_3,29
1281,B,category_1,96
1282,B,category_8,33
1283,C,category_8,79
1284,A,category_4,2
1285,C,category_7,59
1286,B,category_5,53
1287,C,category_4,97
1288,A,category_4,79
1289,B,category_8,19
1290,C,category_5,71
1291,B,category_5,69
1292,B,category_8,43
1293,C,category_9,13
1294,D,category_9,10
1295,B,category_7,17
1296,D,category_8,2
1297,B,category_4,98
1298,C,category_6,37
1299,C,category_2,87
1300,A,category_1,6
1301,C,category_6,62
1302,D,category_3,28
1303,D,category_6,72
1304,B,category_8,40
1305,D,category_4,3
1306,D,category_2,72
1307,C,category_1,44
1308,D,category_4,43
1309,C,category_1,61
1310,A,category_4,43
1311,B,category_6,47
1312,C,category_4,45
1313,D,category_3,65
1314,B,category_8,26
1315,D,category_1,75
1316,C,category_2,34
1317,A,category_9,90
1318,D,category_2,55
1319,B,category_7,20
1320,B,category_9,20
1321,B,category_5,94
1322,C,category_7,4
1323,B,category_1,11
1324,C,category_6,39
1325,C,category_3,75
1326,C,category_9,60
1327,B,category_5,70
1328,C,category_6,50
1329,B,category_5,19
1330,A,category_9,56
1331,C,category_2,48
1332,B,category_4,77
1333,D,category_9,24
1334,B,category_8,34
1335,D,category_7,38
1336,D,category_9,77
1337,B,category_5,38
1338,A,category_7,44
1339,B,category_8,44
1340,D,category_5,23
1341,D,category_4,60
1342,A,category_4,88
1343,D,category_9,66
1344,B,category_5,53
1345,C,category_8,83
1346,B,category_8,61
1347,C,category_8,60
1348,B,category_7,73
1349,C,category_7,46
1350,C,category_5,73
1351,D,category_9,38
1352,A,category_1,8
1353,C,category_8,71
1354,A,category_7,28
1355,D,category_2,20
1356,D,category_8,59
1357,A,category_4,57
1358,B,category_1,65
1359,B,category_6,92
1360,C,category_4,64
1361,D,category_2,70
1362,A,category_8,20
1363,D,category_9,78
1364,D,category_7,39
1365,D,category_5,73
1366,A,category_1,62
1367,B,category_2,64
1368,A,category_2,4
1369,A,category_1,43
1370,C,category_9,36
1371,A,category_1,55
1372,A,category_1,65
1373,D,category_9,79
1374,C,category_7,72
1375,C,category_9,56
1376,A,category_1,90
1377,A,category_5,25
1378,D,category_7,68
1379,C,category_9,51
1380,A,category_6,59
1381,A,category_4,52
1382,C,category_2,13
1383,C,category_9,35
1384,A,category_5,0
1385,B,category_9,58
1386,D,category_8,33
1387,C,category_8,39
1388,D,category_2,40
1389,B,category_1,79
1390,A,category_7,3
1391,D,category_6,90
1392,A,category_1,68
1393,C,category_9,63
1394,B,category_3,19
1395,A,category_5,99
1396,C,category_9,85
1397,A,category_5,32
1398,C,category_2,97
1399,C,category_8,33
1400,B,category_4,40
1401,C,category_8,46
1402,B,category_4,72
1403,A,category_9,37
1404,B,category_9,51
1405,B,category_7,45
1406,C,category_9,88
1407,D,category_8,11
1408,A,category_7,32
1409,A,category_3,63
1410,C,category_3,32
1411,B,category_2,68
1412,D,category_9,97
1413,B,category_6,49
1414,A,category_5,59
1415,C,category_1,68
1416,D,category_3,58
1417,D,category_7,86
1418,C,category_3,58
1419,C,category_9,68
1420,B,category_3,3
1421,B,category_4,25
1422,C,category_6,81
1423,C,category_1,56
1424,D,category_1,11
1425,C,category_3,64
1426,A,category_2,48
1427,A,category_7,1
1428,C,category_5,78
1429,A,category_5,65
1430,C,category_1,82
1431,A,category_7,93
1432,A,category_1,46
1433,D,category_5,99
1434,B,category_9,44
1435,A,category_4,89
1436,C,category_9,83
1437,C,category_9,34
1438,D,category_3,91
1439,B,category_7,24
1440,D,category_3,39
1441,C,category_8,14
1442,C,category_1,32
1443,C,category_7,66
1444,B,category_3,57
1445,D,category_1,80
1446,D,category_8,41
1447,D,category_4,28
1448,A,category_6,24
1449,C,category_5,2
1450,D,category_9,80
1451,C,category_6,36
1452,D,category_6,85
1453,D,category_1,84
1454,C,category_9,84
1455,D,category_3,64
1456,C,category_9,8
1457,D,category_7,11
1458,A,category_8,18
1459,D,category_8,47
1460,B,category_9,63
1461,C,category_4,45
1462,A,category_4,70
1463,B,category_5,28
1464,B,category_6,39
1465,C,category_2,47
1466,A,category_4,7
1467,A,category_7,65
1468,C,category_4,4
1469,C,category_2,54
1470,C,category_8,66
1471,C,category_9,88
1472,A,category_3,38
1473,C,category_2,29
1474,D,category_9,14
1475,C,category_1,61
1476,B,category_7,22
1477,A,category_2,81
1478,B,category_9,11
1479,D,category_2,8
1480,C,category_1,5
1481,A,category_5,21
1482,B,category_5,26
1483,D,category_6,70
1484,D,category_9,62
1485,B,category_8,45
1486,D,category_4,87
1487,D,category_7,76
1488,B,category_3,62
1489,A,category_4,14
1490,B,category_9,12
1491,A,category_7,42
1492,D,category_4,3
1493,A,category_1,29
1494,C,category_3,50
1495,A,category_4,93
1496,B,category_1,45
1497,A,category_2,23
1498,B,category_5,19
1499,B,category_6,12
1500,B,category_8,41
1501,C,category_2,86
1502,A,category_6,39
1503,A,category_8,13
1504,B,category_9,59
1505,D,category_5,2
1506,B,category_6,31
1507,C,category_8,42
1508,C,category_4,70
1509,B,category_7,68
1510,C,category_4,81
1511,D,category_4,41
1512,C,category_9,77
1513,B,category_5,75
1514,D,category_8,10
1515,C,category_5,51
1516,D,category_5,99
1517,A,category_6,68
1518,A,category_2,65
1519,D,category_4,63
1520,C,category_5,26
1521,A,category_3,33
1522,C,category_8,59
1523,A,category_5,68
1524,A,category_8,44
1525,D,category_2,79
1526,A,category_2,40
1527,B,category_6,61
1528,B,category_2,85
1529,A,category_6,86
1530,A,category_4,74
1531,A,category_1,3
1532,B,category_5,56
1533,A,category_4,74
1534,B,category_9,90
1535,A,category_8,21
1536,A,category_4,44
1537,A,category_7,35
1538,A,category_8,84
1539,D,category_3,67
1540,C,category_7,16
1541,D,category_6,73
1542,C,category_8,4
1543,B,category_7,88
1544,C,category_2,90
1545,C,category_6,31
1546,D,category_9,22
1547,B,category_6,13
1548,B,category_4,97
1549,D,category_9,87
1550,B,category_2,34
1551,D,category_3,28
1552,B,category_9,56
1553,C,category_8,61
1554,B,category_6,12
1555,C,category_2,40
1556,C,category_1,24
1557,D,category_1,29
1558,B,category_7,19
1559,A,category_8,99
1560,A,category_7,88
1561,A,category_4,2
1562,C,category_5,73
1563,C,category_8,82
1564,C,category_1,90
1565,C,category_2,53
1566,A,category_7,7
1567,C,category_8,60
1568,D,category_5,80
1569,B,category_6,30
1570,B,category_9,51
1571,D,category_2,67
1572,D,category_3,26
1573,B,category_3,71
1574,C,category_7,13
1575,D,category_9,89
1576,B,category_4,30
1577,B,category_3,9
1578,B,category_8,30
1579,B,category_8,39
1580,B,category_7,83
1581,D,category_6,92
1582,C,category_8,31
1583,B,category_7,60
1584,B,category_3,13
1585,C,category_6,53
1586,A,category_9,80
1587,D,category_8,94
1588,B,category_8,97
1589,A,category_5,31
1590,C,category_9,85
1591,C,category_1,74
1592,B,category_2,71
1593,A,category_4,22
1594,A,category_9,66
1595,B,category_1,39
1596,C,category_4,41
1597,C,category_5,68
1598,B,category_3,53
1599,D,category_3,5
1600,D,category_8,42
1601,B,category_7,99
1602,A,category_2,3
1603,B,category_6,38
1604,D,category_3,38
1605,C,category_9,2
1606,C,category_5,10
1607,C,category_6,70
1608,D,category_7,75
1609,B,category_9,45
1610,B,category_4,57
1611,D,category_8,25
1612,C,category_8,10
1613,C,category_9,9
1614,D,category_1,76
1615,B,category_7,46
1616,C,category_5,41
1617,C,category_9,39
1618,C,category_7,17
1619,B,category_7,32
1620,A,category_2,53
1621,D,category_8,20
1622,D,category_6,88
1623,B,category_2,86
1624,D,category_1,84
1625,A,category_2,18
1626,C,category_1,63
1627,A,category_4,12
1628,C,category_9,15
1629,C,category_9,25
1630,A,category_9,76
1631,A,category_2,48
1632,D,category_6,5
1633,C,category_9,23
1634,D,category_3,6
1635,C,category_3,11
1636,C,category_7,94
1637,C,category_8,36
1638,B,category_1,92
1639,C,category_2,43
1640,B,category_2,7
1641,D,category_8,73
1642,B,category_6,42
1643,B,category_7,89
1644,A,category_5,90
1645,A,category_9,75
1646,B,category_1,45
1647,B,category_2,10
1648,D,category_3,41
1649,B,category_1,54
1650,B,category_6,58
1651,B,category_8,91
1652,A,category_2,1
1653,B,category_3,34
1654,B,category_7,26
1655,A,category_7,78
1656,B,category_7,48
1657,C,category_1,50
1658,D,category_7,1
1659,C,category_7,84
1660,B,category_6,69
1661,A,category_4,82
1662,D,category_1,84
1663,D,category_7,47
1664,D,category_8,4
1665,B,category_3,46
1666,D,category_4,55
1667,A,category_9,45
1668,B,category_2,24
1669,A,category_6,93
1670,B,category_8,38
1671,D,category_6,98
1672,D,category_3,29
1673,C,category_5,36
1674,C,category_7,28
1675,D,category_6,4
1676,C,category_8,6
1677,C,category_6,88
1678,C,category_2,57
1679,C,category_9,45
1680,A,category_4,18
1681,C,category_8,53
1682,D,category_7,91
1683,B,category_1,65
1684,C,category_6,34
1685,B,category_9,63
1686,B,category_1,73
1687,D,category_6,6
1688,A,category_9,74
1689,B,category_8,35
1690,D,category_7,26
1691,C,category_9,34
1692,D,category_3,67
1693,C,category_9,95
1694,C,category_7,69
1695,A,category_7,51
1696,A,category_9,57
1697,C,category_8,53
1698,D,category_8,65
1699,C,category_2,55
1700,C,category_5,38
1701,C,category_2,91
1702,A,category_5,94
1703,D,category_1,75
1704,D,category_8,5
1705,C,category_3,1
1706,C,category_4,20
1707,B,category_4,5
1708,D,category_1,63
1709,C,category_1,38
1710,C,category_2,38
1711,A,category_5,59
1712,B,category_5,33
1713,D,category_8,15
1714,B,category_1,30
1715,A,category_9,64
1716,C,category_8,17
1717,B,category_2,53
1718,A,category_6,14
1719,D,category_9,10
1720,A,category_7,17
1721,D,category_1,38
1722,A,category_8,20
1723,B,category_5,86
1724,B,category_6,25
1725,A,category_3,37
1726,A,category_1,85
1727,B,category_4,21
1728,D,category_6,15
1729,D,category_9,52
1730,D,category_4,29
1731,C,category_5,14
1732,A,category_8,84
1733,C,category_3,26
1734,C,category_5,77
1735,B,category_3,84
1736,D,category_2,11
1737,D,category_9,79
1738,D,category_2,84
1739,C,category_7,34
1740,B,category_1,36
1741,A,category_8,5
1742,D,category_7,19
1743,C,category_5,87
1744,D,category_3,66
1745,C,category_7,8
1746,B,category_7,87
1747,C,category_7,68
1748,A,category_5,60
1749,C,category_3,66
1750,A,category_7,80
1751,D,category_1,61
1752,B,category_1,72
1753,D,category_8,33
1754,C,category_3,0
1755,A,category_2,18
1756,C,category_5,54
1757,D,category_8,55
1758,B,category_1,19
1759,C,category_6,83
1760,B,category_7,51
1761,C,category_8,21
1762,A,category_5,72
1763,D,category_9,14
1764,B,category_9,41
1765,C,category_4,19
1766,A,category_9,13
1767,B,category_6,91
1768,C,category_3,22
1769,D,category_6,49
1770,B,category_7,29
1771,B,category_3,26
1772,B,category_5,92
1773,B,category_3,61
1774,B,category_8,15
1775,C,category_7,32
1776,C,category_6,76
1777,D,category_8,16
1778,A,category_9,53
1779,D,category_3,13
1780,C,category_5,78
1781,B,category_2,53
1782,A,category_1,56
1783,D,category_8,0
1784,B,category_6,92
1785,A,category_9,13
1786,C,category_9,66
1787,D,category_8,21
1788,A,category_3,81
1789,C,category_6,55
1790,B,category_2,38
1791,C,category_8,78
1792,A,category_4,9
1793,D,category_3,38
1794,A,category_6,82
1795,A,category_8,39
1796,D,category_3,65
1797,D,category_8,24
1798,D,category_6,48
1799,D,category_1,98
1800,B,category_6,95
1801,B,category_3,70
1802,B,category_6,14
1803,A,category_8,61
1804,B,category_7,61
1805,C,category_8,52
1806,B,category_9,76
1807,B,category_9,94
1808,D,category_1,2
1809,D,category_6,26
1810,B,category_6,2
1811,B,category_2,58
1812,C,category_4,10
1813,A,category_7,35
1814,A,category_1,41
1815,D,category_6,31
1816,A,category_5,83
1817,B,category_3,38
1818,C,category_3,55
1819,A,category_9,74
1820,A,category_9,41
1821,A,category_2,32
1822,A,category_5,50
1823,D,category_4,13
1824,B,category_1,54
1825,A,category_4,70
1826,C,category_1,61
1827,B,category_2,67
1828,A,category_9,79
1829,B,category_8,85
1830,A,category_6,60
1831,B,category_1,93
1832,C,category_6,2
1833,C,category_1,15
1834,C,category_8,50
1835,A,category_2,14
1836,C,category_8,85
1837,A,category_8,85
1838,C,category_2,19
1839,B,category_9,21
1840,B,category_9,68
1841,D,category_3,58
1842,B,category_9,98
1843,D,category_7,16
1844,B,category_2,16
1845,C,category_3,92
1846,D,category_9,71
1847,A,category_3,3
1848,D,category_6,59
1849,D,category_3,94
1850,C,category_5,62
1851,B,category_7,69
1852,C,category_7,20
1853,D,category_1,64
1854,D,category_5,30
1855,C,category_1,33
1856,D,category_8,29
1857,B,category_5,79
1858,C,category_6,22
1859,D,category_5,65
1860,B,category_4,93
1861,C,category_7,53
1862,C,category_6,80
1863,D,category_8,30
1864,D,category_7,84
1865,A,category_2,26
1866,D,category_3,60
1867,B,category_2,66
1868,D,category_5,66
1869,B,category_2,52
1870,C,category_2,64
1871,D,category_5,61
1872,D,category_5,54
1873,D,category_5,26
1874,C,category_9,40
1875,C,category_3,43
1876,B,category_6,6
1877,C,category_4,29
1878,B,category_2,69
1879,B,category_9,22
1880,A,category_5,76
1881,D,category_2,72
1882,D,category_8,0
1883,A,category_7,20
1884,D,category_1,40
1885,C,category_4,4
1886,C,category_3,14
1887,C,category_7,61
1888,D,category_6,47
1889,A,category_8,20
1890,D,category_2,95
1891,C,category_7,83
1892,B,category_3,38
1893,C,category_3,13
1894,B,category_6,95
1895,A,category_1,90
1896,C,category_8,65
1897,A,category_1,33
1898,C,category_7,17
1899,D,category_5,94
1900,D,category_6,33
1901,B,category_6,27
1902,D,category_1,51
1903,C,category_1,4
1904,D,category_1,54
1905,C,category_3,71
1906,D,category_8,93
1907,D,category_9,35
1908,B,category_9,12
1909,D,category_5,79
1910,C,category_1,66
1911,C,category_3,21
1912,B,category_3,88
1913,D,category_1,40
1914,C,category_3,35
1915,D,category_3,99
1916,C,category_8,3
1917,B,category_2,88
1918,C,category_5,47
1919,C,category_1,71
1920,B,category_2,2
1921,B,category_3,77
1922,A,category_3,60
1923,A,category_5,23
1924,B,category_9,87
1925,A,category_7,51
1926,A,category_4,83
1927,A,category_7,38
1928,A,category_6,78
1929,D,category_9,72
1930,A,category_9,39
1931,C,category_7,35
1932,D,category_3,23
1933,B,category_7,7
1934,D,category_6,46
1935,B,category_7,20
1936,B,category_8,33
1937,D,category_6,86
1938,C,category_8,65
1939,D,category_3,3
1940,A,category_5,76
1941,A,category_4,14
1942,B,category_6,37
1943,B,category_2,26
1944,D,category_1,62
1945,B,category_1,90
1946,D,category_5,22
1947,B,category_3,77
1948,B,category_3,98
1949,A,category_8,69
1950,B,category_3,28
1951,A,category_9,75
1952,B,category_6,96
1953,A,category_7,16
1954,B,category_4,99
1955,B,category_9,20
1956,B,category_2,91
1957,B,category_9,4
1958,C,category_7,16
1959,B,category_9,16
1960,C,category_8,35
1961,D,category_5,12
1962,D,category_9,24
1963,B,category_7,36
1964,D,category_1,30
1965,A,category_5,68
1966,C,category_6,76
1967,A,category_8,1
1968,A,category_6,73
1969,C,category_4,23
1970,B,category_5,92
1971,C,category_3,72
1972,A,category_2,37
1973,B,category_9,81
1974,A,category_1,14
1975,A,category_5,1
1976,D,category_9,37
1977,C,category_7,91
1978,D,category_9,6
1979,B,category_6,10
1980,C,category_4,41
1981,D,category_1,0
1982,C,category_2,64
1983,C,category_4,26
1984,D,category_9,23
1985,B,category_9,66
1986,A,category_9,72
1987,B,category_7,97
1988,C,category_1,43
1989,C,category_6,70
1990,C,category_4,75
1991,C,category_8,37
1992,A,category_4,82
1993,C,category_3,19
1994,A,category_6,84
1995,B,category_7,62
1996,D,category_3,45
1997,D,category_8,8
1998,B,category_1,70
1999,C,category_9,97
2000,C,category_4,9
2001,B,category_7,29
2002,C,category_7,51
2003,A,category_5,74
2004,C,category_9,33
2005,D,category_9,75
2006,D,category_7,82
2007,D,category_1,33
2008,B,category_4,13
2009,D,category_9,60
2010,D,category_1,77
2011,C,category_4,58
2012,A,category_4,40
2013,B,category_8,52
2014,D,category_1,22
2015,B,category_9,1
2016,D,category_9,40
2017,C,category_1,32
2018,B,category_6,2
2019,C,category_8,72
2020,C,category_6,75
2021,C,category_4,16
2022,C,category_8,90
2023,A,category_1,81
2024,A,category_5,12
2025,B,category_4,35
2026,B,category_2,14
2027,B,category_8,67
2028,A,category_6,25
2029,D,category_6,14
2030,C,category_5,30
2031,B,category_6,27
2032,A,category_3,20
2033,C,category_6,19
2034,D,category_1,88
2035,D,category_6,9
2036,B,category_6,23
2037,C,category_1,4
2038,B,category_1,15
2039,A,category_7,45
2040,D,category_5,63
2041,D,category_4,6
2042,D,category_6,82
2043,A,category_9,59
2044,C,category_7,96
2045,A,category_9,74
2046,B,category_9,56
2047,A,category_5,49
2048,B,category_7,28
2049,A,category_5,51
2050,C,category_6,55
2051,B,category_3,17
2052,B,category_3,10
2053,D,category_2,45
2054,B,category_7,3
2055,B,category_7,82
2056,D,category_2,92
2057,D,category_7,39
2058,D,category_4,98
2059,B,category_4,29
2060,D,category_7,53
2061,A,category_4,82
2062,C,category_1,47
2063,D,category_6,82
2064,A,category_3,98
2065,B,category_4,47
2066,B,category_3,28
2067,B,category_5,1
2068,B,category_1,63
2069,D,category_8,1
2070,C,category_7,5
2071,A,category_8,24
2072,B,category_9,81
2073,A,category_1,63
2074,C,category_9,35
2075,B,category_1,1
2076,C,category_3,57
2077,D,category_9,51
2078,A,category_6,65
2079,D,category_8,64
2080,D,category_3,13
2081,B,category_7,35
2082,D,category_7,7
2083,B,category_1,89
2084,D,category_4,26
2085,A,category_2,75
2086,C,category_3,64
2087,C,category_8,98
2088,B,category_8,26
2089,A,category_7,16
2090,B,category_6,42
2091,A,category_4,65
2092,B,category_2,68
2093,C,category_7,29
2094,C,category_4,35
2095,A,category_2,69
2096,D,category_7,65
2097,B,category_9,49
2098,D,category_6,74
2099,C,category_5,74
2100,B,category_1,87
2101,D,category_5,91
2102,C,category_8,71
2103,B,category_7,60
2104,B,category_5,54
2105,D,category_4,9
2106,B,category_6,78
2107,B,category_6,12
2108,D,category_7,57
2109,A,category_9,31
2110,C,category_2,7
2111,C,category_7,69
2112,B,category_6,91
2113,C,category_6,70
2114,A,category_6,54
2115,A,category_3,89
2116,C,category_8,85
2117,A,category_7,91
2118,D,category_4,65
2119,B,category_9,67
2120,C,category_4,26
2121,D,category_1,38
2122,A,category_4,1
2123,A,category_1,28
2124,C,category_4,77
2125,C,category_5,19
2126,B,category_2,29
2127,D,category_6,67
2128,C,category_3,97
2129,B,category_3,26
2130,A,category_1,19
2131,D,category_7,88
2132,C,category_1,34
2133,D,category_3,11
2134,C,category_4,66
2135,B,category_3,16
2136,B,category_5,79
2137,D,category_6,71
2138,B,category_6,12
2139,C,category_3,90
2140,B,category_6,51
2141,D,category_2,12
2142,B,category_1,17
2143,C,category_5,98
2144,D,category_9,76
2145,B,category_5,5
2146,C,category_4,85
2147,A,category_6,32
2148,D,category_5,68
2149,A,category_3,40
2150,B,category_6,11
2151,A,category_4,43
2152,A,category_7,49
2153,A,category_3,89
2154,D,category_3,91
2155,D,category_4,61
2156,D,category_7,84
2157,D,category_5,83
2158,B,category_5,64
2159,A,category_2,68
2160,C,category_1,39
2161,D,category_3,95
2162,D,category_2,3
2163,D,category_5,13
2164,A,category_4,48
2165,C,category_1,36
2166,B,category_3,99
2167,D,category_8,85
2168,C,category_7,95
2169,A,category_5,9
2170,B,category_9,28
2171,C,category_9,65
2172,B,category_6,97
2173,B,category_2,0
2174,D,category_1,86
2175,A,category_5,50
2176,C,category_5,64
2177,C,category_3,56
2178,C,category_5,82
2179,C,category_6,60
2180,D,category_3,3
2181,B,category_7,13
2182,A,category_4,55
2183,A,category_6,53
2184,A,category_7,3
2185,D,category_3,64
2186,C,category_4,20
2187,D,category_9,66
2188,D,category_3,48
2189,C,category_3,6
2190,D,category_8,75
2191,A,category_3,12
2192,C,category_8,2
2193,D,category_2,72
2194,A,category_5,14
2195,D,category_3,11
2196,D,category_3,82
2197,B,category_2,22
2198,B,category_9,92
2199,C,category_5,43
2200,A,category_6,13
2201,A,category_4,18
2202,D,category_8,43
2203,B,category_9,15
2204,B,category_1,78
2205,B,category_3,90
2206,D,category_3,41
2207,C,category_7,84
2208,A,category_2,33
2209,A,category_5,46
2210,C,category_1,69
2211,A,category_3,60
2212,C,category_5,36
2213,B,category_2,90
2214,C,category_5,0
2215,D,category_8,80
2216,B,category_1,10
2217,D,category_7,70
2218,C,category_2,77
2219,A,category_9,36
2220,C,category_1,74
2221,B,category_2,65
2222,B,category_8,2
2223,B,category_4,59
2224,B,category_8,73
2225,B,category_4,69
2226,A,category_8,88
2227,B,category_1,83
2228,D,category_7,5
2229,D,category_4,1
2230,A,category_2,16
2231,A,category_1,92
2232,A,category_1,63
2233,C,category_7,88
2234,D,category_7,94
2235,A,category_6,62
2236,D,category_7,32
2237,B,category_9,70
2238,B,category_6,53
2239,A,category_4,98
2240,C,category_5,73
2241,B,category_7,86
2242,A,category_2,92
2243,C,category_9,19
2244,B,category_1,99
2245,B,category_3,42
2246,A,category_5,59
2247,D,category_1,63
2248,D,category_5,75
2249,A,category_6,78
2250,C,category_3,45
2251,A,category_8,98
2252,D,category_1,81
2253,A,category_5,27
2254,C,category_5,90
2255,D,category_3,42
2256,C,category_6,52
2257,D,category_4,93
2258,D,category_4,17
2259,A,category_8,46
2260,A,category_5,55
2261,C,category_5,20
2262,C,category_9,29
2263,D,category_4,30
2264,A,category_5,27
2265,A,category_8,55
2266,D,category_3,82
2267,D,category_7,64
2268,D,category_5,3
2269,B,category_2,77
2270,A,category_9,63
2271,A,category_9,38
2272,A,category_5,62
2273,A,category_6,87
2274,A,category_9,61
2275,A,category_4,9
2276,C,category_1,19
2277,B,category_3,0
2278,D,category_8,44
2279,A,category_8,58
2280,B,category_6,90
2281,A,category_2,41
2282,B,category_2,84
2283,B,category_1,15
2284,B,category_8,3
2285,A,category_6,84
2286,C,category_1,49
2287,D,category_1,38
2288,B,category_8,36
2289,D,category_5,66
2290,C,category_3,0
2291,D,category_9,84
2292,D,category_1,67
2293,C,category_9,31
2294,B,category_5,13
2295,D,category_3,95
2296,B,category_8,53
2297,C,category_6,78
2298,B,category_6,58
2299,B,category_9,40
2300,A,category_5,91
2301,A,category_6,86
2302,D,category_4,50
2303,A,category_1,2
2304,D,category_2,9
2305,B,category_9,37
2306,B,category_5,15
2307,B,category_5,22
2308,D,category_6,65
2309,D,category_5,22
2310,B,category_5,63
2311,A,category_2,91
2312,B,category_9,57
2313,D,category_6,22
2314,B,category_1,91
2315,A,category_4,37
2316,A,category_5,78
2317,A,category_7,79
2318,A,category_4,16
2319,A,category_1,72
2320,A,category_5,32
2321,A,category_5,74
2322,B,category_2,64
2323,A,category_2,18
2324,A,category_9,26
2325,A,category_9,81
2326,A,category_8,99
2327,A,category_6,90
2328,A,category_9,79
2329,B,category_9,83
2330,A,category_5,66
2331,B,category_7,82
2332,A,category_8,43
2333,D,category_8,96
2334,B,category_2,44
2335,B,category_9,34
2336,D,category_9,51
2337,D,category_4,16
2338,B,category_8,12
2339,C,category_1,65
2340,D,category_5,25
2341,D,category_4,30
2342,C,category_5,12
2343,C,category_7,67
2344,C,category_4,89
2345,A,category_2,9
2346,D,category_7,70
2347,A,category_2,67
2348,D,category_1,12
2349,B,category_7,30
2350,D,category_8,1
2351,C,category_2,90
2352,A,category_5,56
2353,C,category_3,27
2354,B,category_1,20
2355,C,category_6,51
2356,C,category_8,35
2357,D,category_9,56
2358,B,category_3,9
2359,B,category_3,41
2360,A,category_7,25
2361,A,category_7,5
2362,A,category_1,81
2363,B,category_7,10
2364,A,category_8,13
2365,B,category_9,28
2366,D,category_3,64
2367,D,category_6,25
2368,D,category_1,70
2369,D,category_2,3
2370,A,category_9,21
2371,D,category_2,55
2372,C,category_2,30
2373,D,category_8,0
2374,D,category_5,93
2375,C,category_1,95
2376,B,category_4,99
2377,B,category_8,16
2378,A,category_1,89
2379,D,category_2,87
2380,D,category_2,21
2381,A,category_9,97
2382,D,category_8,2
2383,A,category_6,95
2384,A,category_7,95
2385,A,category_4,30
2386,A,category_9,98
2387,C,category_6,27
2388,B,category_8,56
2389,C,category_8,59
2390,C,category_8,35
2391,A,category_2,13
2392,D,category_2,20
2393,A,category_3,52
2394,B,category_2,3
2395,D,category_7,23
2396,A,category_9,15
2397,A,category_3,21
2398,B,category_6,17
2399,A,category_1,17
2400,B,category_3,77
2401,A,category_4,11
2402,B,category_3,83
2403,D,category_9,74
2404,D,category_6,88
2405,B,category_9,94
2406,D,category_6,58
2407,B,category_7,86
2408,C,category_9,65
2409,B,category_8,5
2410,D,category_6,4
2411,A,category_3,70
2412,B,category_2,10
2413,C,category_7,83
2414,D,category_7,35
2415,A,category_2,84
2416,B,category_6,53
2417,D,category_4,4
2418,C,category_8,66
2419,A,category_3,1
2420,B,category_7,49
2421,D,category_2,62
2422,D,category_7,74
2423,B,category_7,21
2424,A,category_7,0
2425,B,category_5,42
2426,B,category_9,66
2427,B,category_2,23
2428,A,category_9,54
2429,A,category_1,38
2430,A,category_5,52
2431,B,category_5,10
2432,A,category_8,98
2433,B,category_1,38
2434,D,category_9,68
2435,B,category_2,63
2436,C,category_2,33
2437,C,category_2,73
2438,C,category_2,10
2439,C,category_9,87
2440,A,category_2,25
2441,A,category_8,70
2442,D,category_6,70
2443,B,category_7,26
2444,B,category_6,55
2445,C,category_3,31
2446,A,category_8,36
2447,C,category_1,29
2448,B,category_6,95
2449,D,category_8,87
2450,A,category_2,85
2451,D,category_3,59
2452,B,category_6,44
2453,B,category_2,50
2454,B,category_8,64
2455,B,category_4,12
2456,B,category_6,89
2457,D,category_9,58
2458,A,category_4,13
2459,A,category_1,25
2460,A,category_7,5
2461,B,category_2,28
2462,C,category_3,77
2463,C,category_3,11
2464,C,category_9,20
2465,A,category_2,63
2466,C,category_6,82
2467,D,category_4,36
2468,B,category_4,3
2469,D,category_9,87
2470,D,category_4,7
2471,B,category_1,23
2472,B,category_6,23
2473,B,category_8,74
2474,D,category_9,8
2475,A,category_6,3
2476,D,category_9,6
2477,B,category_6,47
2478,A,category_7,91
2479,B,category_3,78
2480,A,category_8,73
2481,A,category_6,36
2482,B,category_1,24
2483,D,category_3,81
2484,C,category_8,27
2485,B,category_1,11
2486,A,category_1,47
2487,B,category_6,86
2488,B,category_6,34
2489,B,category_1,76
2490,A,category_8,75
2491,A,category_2,74
2492,D,category_9,35
2493,A,category_2,14
2494,A,category_5,89
2495,A,category_3,92
2496,C,category_3,78
2497,D,category_2,65
2498,C,category_1,73
2499,D,category_7,45
2500,A,category_8,73
2501,A,category_4,42
2502,D,category_4,1
2503,D,category_2,13
2504,B,category_2,28
2505,C,category_2,47
2506,A,category_1,55
2507,A,category_7,91
2508,B,category_2,71
2509,C,category_8,16
2510,B,category_5,29
2511,A,category_2,92
2512,C,category_6,47
2513,D,category_2,85
2514,B,category_2,28
2515,A,category_5,59
2516,B,category_3,42
2517,B,category_7,33
2518,C,category_9,65
2519,B,category_6,58
2520,B,category_5,87
2521,C,category_3,42
2522,A,category_1,30
2523,C,category_4,71
2524,A,category_6,97
2525,B,category_7,18
2526,A,category_5,64
2527,A,category_3,98
2528,D,category_9,75
2529,D,category_2,33
2530,B,category_4,73
2531,D,category_5,36
2532,C,category_1,44
2533,D,category_3,65
2534,A,category_3,65
2535,A,category_8,73
2536,A,category_4,5
2537,D,category_4,7
2538,A,category_3,15
2539,C,category_4,98
2540,C,category_6,48
2541,B,category_5,84
2542,B,category_5,12
2543,A,category_4,13
2544,A,category_9,29
2545,D,category_2,37
2546,D,category_3,55
2547,B,category_7,82
2548,C,category_8,38
2549,C,category_1,51
2550,C,category_4,47
2551,C,category_9,84
2552,A,category_3,84
2553,D,category_7,77
2554,D,category_6,71
2555,C,category_3,34
2556,A,category_3,35
2557,B,category_7,28
2558,A,category_3,66
2559,D,category_2,41
2560,A,category_5,72
2561,B,category_2,25
2562,A,category_6,29
2563,C,category_6,86
2564,C,category_4,19
2565,D,category_7,26
2566,C,category_6,95
2567,D,category_7,41
2568,C,category_5,91
2569,B,category_9,35
2570,A,category_1,18
2571,B,category_9,1
2572,C,category_8,64
2573,C,category_7,76
2574,A,category_1,91
2575,B,category_2,40
2576,D,category_2,23
2577,B,category_4,41
2578,B,category_5,9
2579,D,category_8,56
2580,D,category_4,44
2581,B,category_9,31
2582,B,category_5,76
2583,A,category_4,77
2584,A,category_9,30
2585,C,category_4,6
2586,C,category_1,83
2587,B,category_9,30
2588,C,category_3,17
2589,B,category_9,32
2590,C,category_1,95
2591,D,category_9,38
2592,B,category_2,58
2593,B,category_9,4
2594,B,category_8,6
2595,B,category_3,24
2596,C,category_7,8
2597,B,category_5,58
2598,D,category_3,11
2599,B,category_3,58
2600,A,category_9,14
2601,A,category_7,56
2602,C,category_6,54
2603,D,category_1,99
2604,A,category_6,71
2605,B,category_8,87
2606,B,category_2,28
2607,B,category_9,3
2608,B,category_4,2
2609,C,category_6,50
2610,D,category_7,57
2611,C,category_5,28
2612,D,category_7,95
2613,A,category_6,48
2614,A,category_7,2
2615,C,category_2,92
2616,A,category_8,64
2617,D,category_9,92
2618,C,category_1,33
2619,D,category_5,32
2620,D,category_8,81
2621,A,category_4,8
2622,A,category_4,64
2623,D,category_2,13
2624,A,category_9,8
2625,C,category_1,27
2626,C,category_2,14
2627,C,category_9,85
2628,A,category_8,69
2629,D,category_2,81
2630,B,category_8,69
2631,A,category_3,43
2632,B,category_9,77
2633,D,category_4,9
2634,A,category_6,5
2635,D,category_5,10
2636,B,category_1,44
2637,D,category_9,61
2638,B,category_8,59
2639,B,category_4,2
2640,B,category_7,35
2641,D,category_5,66
2642,B,category_7,28
2643,A,category_6,58
2644,D,category_1,13
2645,D,category_5,35
2646,D,category_7,35
2647,A,category_8,82
2648,D,category_2,4
2649,C,category_9,60
2650,A,category_4,34
2651,B,category_3,57
2652,A,category_4,44
2653,D,category_7,54
2654,D,category_3,19
2655,A,category_2,66
2656,C,category_6,37
2657,D,category_7,71
2658,B,category_3,22
2659,D,category_2,58
2660,B,category_7,86
2661,B,category_8,67
2662,B,category_4,66
2663,C,category_4,17
2664,C,category_7,79
2665,D,category_1,40
2666,B,category_1,90
2667,D,category_4,74
2668,C,category_7,51
2669,B,category_8,27
2670,D,category_1,63
2671,D,category_9,55
2672,A,category_1,98
2673,B,category_9,18
2674,D,category_3,96
2675,C,category_1,35
2676,D,category_9,71
2677,B,category_1,65
2678,B,category_4,77
2679,A,category_2,16
2680,D,category_7,71
2681,D,category_6,90
2682,D,category_1,3
2683,A,category_1,24
2684,C,category_1,14
2685,C,category_6,41
2686,A,category_7,55
2687,D,category_4,11
2688,D,category_7,68
2689,B,category_1,59
2690,D,category_3,44
2691,D,category_2,24
2692,D,category_8,27
2693,B,category_6,51
2694,C,category_7,97
2695,D,category_7,90
2696,D,category_3,74
2697,B,category_4,41
2698,D,category_5,64
2699,D,category_4,86
2700,C,category_2,98
2701,B,category_8,67
2702,D,category_5,76
2703,D,category_6,96
2704,B,category_1,87
2705,A,category_2,2
2706,D,category_6,37
2707,D,category_8,60
2708,C,category_9,69
2709,D,category_8,69
2710,A,category_5,20
2711,D,category_6,25
2712,B,category_4,5
2713,A,category_5,87
2714,C,category_3,34
2715,D,category_5,93
2716,A,category_2,73
2717,D,category_3,97
2718,B,category_9,93
2719,A,category_8,89
2720,B,category_8,58
2721,C,category_6,76
2722,C,category_4,20
2723,B,category_7,17
2724,B,category_9,42
2725,C,category_3,56
2726,B,category_5,36
2727,C,category_6,81
2728,C,category_1,93
2729,A,category_2,47
2730,D,category_4,37
2731,C,category_6,82
2732,A,category_7,38
2733,A,category_6,60
2734,C,category_6,99
2735,A,category_4,59
2736,B,category_5,60
2737,B,category_8,52
2738,C,category_3,55
2739,D,category_4,61
2740,A,category_7,45
2741,B,category_7,35
2742,D,category_8,86
2743,A,category_1,61
2744,D,category_8,69
2745,D,category_7,3
2746,D,category_5,96
2747,A,category_2,18
2748,D,category_1,53
2749,A,category_1,24
2750,B,category_6,16
2751,B,category_4,71
2752,B,category_4,23
2753,C,category_4,19
2754,A,category_5,36
2755,A,category_7,62
2756,C,category_9,37
2757,C,category_9,68
2758,B,category_8,33
2759,C,category_8,48
2760,D,category_3,72
2761,D,category_9,30
2762,D,category_6,22
2763,A,category_9,85
2764,B,category_8,89
2765,A,category_9,41
2766,B,category_1,58
2767,A,category_4,45
2768,B,category_7,8
2769,B,category_1,74
2770,D,category_4,14
2771,D,category_6,91
2772,D,category_6,45
2773,C,category_9,78
2774,B,category_7,15
2775,B,category_8,58
2776,D,category_3,97
2777,C,category_9,80
2778,C,category_5,1
2779,B,category_7,53
2780,C,category_5,85
2781,C,category_2,30
2782,D,category_5,76
2783,B,category_6,71
2784,D,category_9,30
2785,B,category_9,71
2786,C,category_9,18
2787,C,category_3,75
2788,C,category_1,26
2789,C,category_3,90
2790,B,category_1,6
2791,C,category_1,76
2792,B,category_8,13
2793,B,category_7,36
2794,A,category_7,99
2795,B,category_3,2
2796,A,category_8,14
2797,B,category_5,25
2798,C,category_1,34
2799,A,category_8,49
2800,D,category_7,28
2801,C,category_2,38
2802,C,category_3,49
2803,B,category_9,69
2804,B,category_6,82
2805,A,category_8,3
2806,A,category_3,16
2807,C,category_2,91
2808,B,category_4,47
2809,A,category_9,2
2810,C,category_3,9
2811,B,category_4,65
2812,D,category_8,40
2813,B,category_6,94
2814,B,category_9,51
2815,D,category_7,81
2816,A,category_9,72
2817,D,category_7,34
2818,D,category_3,30
2819,C,category_4,17
2820,A,category_1,3
2821,A,category_6,76
2822,C,category_3,83
2823,B,category_6,7
2824,A,category_9,93
2825,B,category_5,7
2826,C,category_4,62
2827,B,category_6,4
2828,D,category_4,4
2829,B,category_6,72
2830,C,category_4,61
2831,C,category_2,4
2832,A,category_3,2
2833,C,category_3,77
2834,A,category_6,17
2835,A,category_2,98
2836,D,category_9,54
2837,D,category_5,45
2838,A,category_3,38
2839,C,category_8,37
2840,D,category_2,48
2841,D,category_3,72
2842,C,category_5,68
2843,C,category_2,82
2844,C,category_3,40
2845,D,category_3,66
2846,B,category_4,55
2847,D,category_8,20
2848,B,category_5,78
2849,A,category_8,64
2850,B,category_4,88
2851,A,category_8,96
2852,A,category_7,30
2853,C,category_6,5
2854,B,category_6,53
2855,C,category_4,1
2856,A,category_7,47
2857,A,category_3,34
2858,C,category_5,29
2859,D,category_5,65
2860,B,category_6,92
2861,A,category_4,53
2862,D,category_1,44
2863,D,category_3,5
2864,A,category_9,44
2865,D,category_5,28
2866,A,category_8,30
2867,C,category_7,31
2868,D,category_6,76
2869,A,category_9,31
2870,B,category_5,45
2871,B,category_5,24
2872,C,category_5,68
2873,D,category_1,59
2874,A,category_1,15
2875,D,category_7,49
2876,A,category_1,6
2877,C,category_7,51
2878,C,category_7,13
2879,A,category_5,31
2880,A,category_6,89
2881,D,category_4,25
2882,C,category_3,48
2883,C,category_2,34
2884,D,category_3,28
2885,D,category_4,14
2886,A,category_8,4
2887,A,category_2,36
2888,D,category_6,38
2889,C,category_2,28
2890,B,category_5,25
2891,D,category_7,21
2892,C,category_9,14
2893,B,category_6,29
2894,D,category_9,18
2895,C,category_7,12
2896,A,category_9,21
2897,D,category_1,69
2898,C,category_2,36
2899,A,category_5,4
2900,B,category_3,7
2901,B,category_5,23
2902,D,category_7,50
2903,A,category_9,49
2904,A,category_3,54
2905,B,category_2,80
2906,A,category_1,13
2907,C,category_1,36
2908,C,category_6,11
2909,D,category_5,74
2910,D,category_1,85
2911,A,category_8,14
2912,B,category_7,31
2913,A,category_4,78
2914,B,category_5,47
2915,C,category_8,70
2916,D,category_3,13
2917,B,category_1,31
2918,B,category_5,11
2919,B,category_7,7
2920,D,category_7,2
2921,D,category_3,8
2922,B,category_1,63
2923,B,category_1,51
2924,D,category_1,62
2925,D,category_5,48
2926,C,category_4,8
2927,C,category_4,91
2928,C,category_8,34
2929,C,category_7,0
2930,C,category_2,48
2931,A,category_7,5
2932,D,category_7,33
2933,C,category_8,58
2934,A,category_8,76
2935,A,category_8,51
2936,C,category_2,82
2937,C,category_9,86
2938,A,category_3,15
2939,D,category_8,95
2940,C,category_1,20
2941,C,category_5,61
2942,C,category_2,54
2943,A,category_9,13
2944,D,category_6,1
2945,D,category_5,80
2946,D,category_3,77
2947,B,category_7,80
2948,C,category_9,69
2949,C,category_3,51
2950,B,category_9,59
2951,A,category_4,32
2952,D,category_9,51
2953,B,category_5,87
2954,C,category_7,53
2955,B,category_6,95
2956,D,category_8,73
2957,C,category_9,52
2958,C,category_9,83
2959,D,category_3,29
2960,A,category_1,45
2961,B,category_9,48
2962,C,category_9,21
2963,A,category_8,78
2964,D,category_7,26
2965,A,category_5,54
2966,D,category_1,84
2967,C,category_7,15
2968,A,category_7,3
2969,D,category_2,69
2970,B,category_8,25
2971,C,category_1,6
2972,D,category_5,0
2973,D,category_4,13
2974,A,category_6,84
2975,B,category_6,55
2976,D,category_1,2
2977,A,category_6,52
2978,B,category_7,48
2979,A,category_9,15
2980,C,category_2,7
2981,A,category_4,10
2982,B,category_1,39
2983,B,category_8,78
2984,C,category_3,9
2985,A,category_9,67
2986,A,category_5,35
2987,A,category_4,38
2988,D,category_7,7
2989,A,category_8,86
2990,D,category_3,95
2991,D,category_2,3
2992,C,category_3,51
2993,C,category_7,23
2994,D,category_4,21
2995,B,category_3,19
2996,A,category_9,51
2997,D,category_3,52
2998,C,category_3,14
2999,D,category_8,93
3000,C,category_9,52
