id,column_1,column_2,column_3,column_4
1,A,category_6,60,B'
2,C,category_8,33,A'
3,A,category_2,93,C'
4,C,category_3,69,A'
5,A,category_2,36,A'
6,A,category_9,73,B'
7,D,category_2,1,C'
8,C,category_7,72,A'
9,C,category_4,18,B'
10,D,category_5,77,B'
11,D,category_5,26,C'
12,A,category_4,52,A'
13,C,category_3,67,C'
14,A,category_6,28,A'
15,A,category_1,89,B'
16,C,category_2,14,C'
17,B,category_6,24,B'
18,D,category_2,3,A'
19,D,category_6,29,B'
20,C,category_5,87,C'
21,B,category_2,61,A'
22,B,category_9,65,C'
23,D,category_5,51,C'
24,B,category_3,69,C'
25,B,category_1,57,C'
26,D,category_1,71,B'
27,D,category_4,67,C'
28,D,category_5,71,C'
29,D,category_4,76,A'
30,B,category_2,81,A'
31,B,category_9,62,A'
32,B,category_7,70,B'
33,A,category_9,82,B'
34,C,category_6,64,B'
35,D,category_8,89,C'
36,B,category_4,10,A'
37,B,category_8,21,B'
38,B,category_1,88,A'
39,D,category_1,10,B'
40,D,category_5,89,A'
41,B,category_5,93,C'
42,C,category_4,56,B'
43,B,category_7,22,A'
44,D,category_3,3,C'
45,D,category_1,42,B'
46,A,category_7,58,B'
47,B,category_1,49,B'
48,D,category_6,46,B'
49,C,category_4,22,A'
50,C,category_8,97,A'
51,B,category_5,99,C'
52,D,category_8,42,C'
53,C,category_1,73,B'
54,C,category_8,10,C'
55,C,category_8,28,B'
56,C,category_5,56,A'
57,C,category_9,70,C'
58,A,category_6,67,A'
59,C,category_7,84,C'
60,B,category_4,10,A'
61,B,category_9,26,B'
62,B,category_2,30,B'
63,D,category_7,54,A'
64,C,category_8,49,B'
65,A,category_9,1,C'
66,C,category_5,26,B'
67,C,category_9,65,C'
68,C,category_5,44,A'
69,A,category_1,3,C'
70,A,category_6,59,C'
71,A,category_6,8,A'
72,C,category_8,35,B'
73,C,category_3,15,B'
74,A,category_9,70,C'
75,B,category_7,49,B'
76,C,category_6,41,C'
77,C,category_9,3,B'
78,C,category_2,82,C'
79,D,category_8,32,C'
80,C,category_2,98,A'
81,A,category_8,59,C'
82,B,category_4,2,B'
83,A,category_2,7,A'
84,C,category_1,61,B'
85,A,category_8,97,A'
86,C,category_5,37,C'
87,C,category_6,28,C'
88,A,category_3,33,A'
89,A,category_9,21,A'
90,C,category_8,24,C'
91,C,category_9,26,B'
92,C,category_5,4,C'
93,A,category_4,0,B'
94,B,category_6,15,C'
95,B,category_1,78,C'
96,A,category_3,92,A'
97,C,category_9,99,B'
98,B,category_5,25,B'
99,B,category_2,52,B'
100,A,category_3,53,A'
101,D,category_4,32,B'
102,A,category_5,48,B'
103,B,category_7,24,C'
104,A,category_4,58,C'
105,D,category_3,66,B'
106,B,category_7,52,A'
107,C,category_8,88,B'
108,B,category_6,8,B'
109,C,category_1,80,C'
110,B,category_7,17,B'
111,D,category_5,88,A'
112,D,category_6,50,C'
113,B,category_6,57,C'
114,C,category_8,83,C'
115,B,category_2,67,A'
116,B,category_1,26,A'
117,A,category_9,48,C'
118,B,category_4,66,C'
119,A,category_6,17,A'
120,C,category_8,13,B'
121,C,category_8,23,C'
122,B,category_9,78,B'
123,C,category_3,74,B'
124,D,category_7,80,B'
125,B,category_3,62,A'
126,B,category_6,42,B'
127,D,category_9,50,C'
128,B,category_1,13,A'
129,C,category_2,46,A'
130,B,category_4,10,B'
131,B,category_1,60,B'
132,B,category_5,86,B'
133,A,category_7,95,B'
134,D,category_7,66,B'
135,B,category_2,30,B'
136,C,category_4,47,B'
137,B,category_5,11,B'
138,A,category_9,96,C'
139,D,category_7,32,B'
140,D,category_8,65,A'
141,B,category_6,37,C'
142,A,category_1,1,B'
143,A,category_3,18,A'
144,D,category_6,88,B'
145,B,category_9,78,A'
146,B,category_3,18,C'
147,A,category_5,70,A'
148,C,category_8,29,C'
149,D,category_9,4,B'
150,C,category_1,40,C'
151,D,category_9,43,B'
152,B,category_2,81,B'
153,D,category_8,79,A'
154,C,category_4,40,B'
155,D,category_3,12,A'
156,B,category_6,42,B'
157,C,category_7,61,C'
158,A,category_6,54,C'
159,D,category_4,98,C'
160,C,category_7,91,B'
161,D,category_2,36,B'
162,C,category_9,48,C'
163,C,category_6,58,B'
164,C,category_5,44,B'
165,B,category_6,17,A'
166,C,category_7,36,B'
167,C,category_2,88,B'
168,C,category_8,26,B'
169,A,category_9,0,A'
170,C,category_2,68,A'
171,B,category_5,47,A'
172,B,category_3,79,C'
173,A,category_6,13,A'
174,B,category_4,42,A'
175,B,category_4,77,B'
176,A,category_7,52,A'
177,D,category_3,12,C'
178,B,category_9,92,A'
179,B,category_2,83,C'
180,C,category_5,44,C'
181,D,category_5,40,A'
182,C,category_7,50,C'
183,C,category_5,6,C'
184,B,category_1,49,A'
185,C,category_9,82,A'
186,D,category_2,74,A'
187,C,category_6,34,C'
188,A,category_6,32,C'
189,D,category_8,38,A'
190,B,category_5,13,B'
191,A,category_9,85,A'
192,A,category_8,40,A'
193,C,category_2,59,C'
194,B,category_5,54,C'
195,C,category_5,23,A'
196,A,category_2,59,A'
197,B,category_5,29,C'
198,C,category_7,0,C'
199,B,category_1,27,A'
200,D,category_1,13,C'
201,D,category_8,13,B'
202,C,category_1,6,A'
203,C,category_8,65,A'
204,B,category_1,97,C'
205,C,category_9,67,B'
206,D,category_5,36,B'
207,D,category_3,9,C'
208,C,category_9,79,A'
209,A,category_7,3,B'
210,A,category_8,52,B'
211,A,category_6,81,C'
212,A,category_9,3,B'
213,C,category_3,29,A'
214,D,category_2,11,A'
215,D,category_6,40,B'
216,B,category_2,63,B'
217,D,category_6,17,A'
218,C,category_1,98,C'
219,A,category_1,76,B'
220,A,category_8,53,B'
221,A,category_9,9,A'
222,A,category_5,88,B'
223,C,category_8,91,A'
224,C,category_1,25,B'
225,B,category_7,36,C'
226,D,category_3,99,A'
227,A,category_8,44,A'
228,D,category_9,17,A'
229,B,category_2,83,B'
230,C,category_3,38,A'
231,C,category_7,10,C'
232,C,category_7,0,A'
233,D,category_9,60,B'
234,C,category_6,22,A'
235,C,category_5,82,A'
236,A,category_1,12,A'
237,B,category_5,10,B'
238,C,category_2,32,C'
239,B,category_5,33,C'
240,D,category_2,60,A'
241,C,category_2,52,C'
242,D,category_5,71,A'
243,C,category_3,77,B'
244,A,category_3,27,A'
245,A,category_8,82,C'
246,B,category_1,11,A'
247,C,category_8,17,C'
248,C,category_8,41,A'
249,D,category_5,52,A'
250,D,category_5,50,C'
251,C,category_1,27,B'
252,C,category_3,99,A'
253,B,category_9,14,C'
254,B,category_3,49,C'
255,C,category_3,70,A'
256,C,category_7,63,C'
257,B,category_1,34,A'
258,D,category_2,47,A'
259,A,category_9,82,C'
260,D,category_6,20,B'
261,D,category_3,36,A'
262,D,category_2,34,A'
263,A,category_9,85,A'
264,C,category_8,65,B'
265,B,category_7,70,B'
266,D,category_9,75,C'
267,C,category_3,48,C'
268,C,category_3,53,A'
269,C,category_4,22,A'
270,D,category_7,2,C'
271,A,category_5,48,B'
272,A,category_2,79,A'
273,B,category_3,45,B'
274,B,category_8,14,C'
275,D,category_4,3,B'
276,B,category_9,77,B'
277,A,category_3,50,B'
278,C,category_2,47,C'
279,B,category_7,64,B'
280,C,category_5,93,A'
281,A,category_5,27,B'
282,A,category_3,30,C'
283,A,category_1,15,B'
284,A,category_9,51,B'
285,D,category_8,48,B'
286,C,category_6,50,A'
287,A,category_2,22,A'
288,A,category_3,49,C'
289,D,category_2,58,C'
290,A,category_6,91,B'
291,A,category_4,96,A'
292,B,category_4,71,A'
293,C,category_5,51,B'
294,A,category_1,77,A'
295,C,category_7,68,C'
296,D,category_2,36,C'
297,A,category_9,92,B'
298,B,category_8,53,C'
299,A,category_2,95,C'
300,C,category_8,27,C'
301,D,category_2,59,A'
302,B,category_8,95,C'
303,C,category_7,33,C'
304,B,category_4,97,B'
305,B,category_4,58,C'
306,A,category_8,7,B'
307,C,category_9,79,A'
308,B,category_4,21,B'
309,B,category_1,63,B'
310,D,category_6,47,B'
311,C,category_2,57,A'
312,A,category_7,66,C'
313,C,category_8,61,A'
314,B,category_4,32,A'
315,B,category_7,88,B'
316,C,category_1,32,A'
317,A,category_6,90,B'
318,B,category_5,97,A'
319,C,category_8,43,B'
320,B,category_1,87,B'
321,B,category_7,1,B'
322,A,category_9,64,A'
323,D,category_6,28,C'
324,B,category_1,51,C'
325,B,category_6,88,A'
326,D,category_3,52,A'
327,C,category_9,86,A'
328,D,category_8,52,A'
329,C,category_5,18,A'
330,D,category_4,44,C'
331,A,category_5,22,A'
332,C,category_2,44,B'
333,C,category_1,14,C'
334,A,category_2,30,A'
335,B,category_6,68,C'
336,C,category_8,95,B'
337,D,category_2,38,B'
338,D,category_9,35,B'
339,D,category_9,52,C'
340,C,category_3,22,A'
341,B,category_9,60,A'
342,D,category_5,12,A'
343,B,category_6,7,C'
344,B,category_9,56,C'
345,B,category_6,97,B'
346,D,category_7,30,B'
347,D,category_1,93,A'
348,D,category_6,56,A'
349,C,category_4,89,C'
350,C,category_4,79,C'
351,D,category_5,44,B'
352,B,category_5,53,C'
353,A,category_1,39,B'
354,C,category_3,73,B'
355,B,category_1,97,B'
356,B,category_2,24,A'
357,C,category_3,82,C'
358,D,category_4,86,C'
359,D,category_7,32,C'
360,A,category_8,62,C'
361,B,category_8,93,A'
362,B,category_8,83,B'
363,B,category_4,68,A'
364,B,category_9,35,B'
365,A,category_6,53,A'
366,B,category_7,34,B'
367,C,category_6,16,C'
368,A,category_5,94,C'
369,D,category_8,4,A'
370,C,category_6,7,B'
371,D,category_5,30,B'
372,A,category_6,52,A'
373,B,category_2,42,B'
374,B,category_2,56,C'
375,C,category_3,30,A'
376,C,category_1,52,B'
377,B,category_5,74,A'
378,A,category_2,65,A'
379,C,category_6,70,B'
380,C,category_7,12,A'
381,A,category_7,33,A'
382,C,category_3,4,B'
383,A,category_3,72,A'
384,D,category_1,85,C'
385,C,category_8,7,A'
386,C,category_6,56,C'
387,D,category_5,21,C'
388,D,category_3,98,A'
389,B,category_4,68,B'
390,B,category_6,39,C'
391,B,category_2,18,B'
392,C,category_3,71,C'
393,B,category_7,20,B'
394,B,category_9,1,B'
395,A,category_2,12,C'
396,C,category_2,24,B'
397,B,category_3,1,B'
398,C,category_4,78,A'
399,D,category_6,89,A'
400,A,category_7,68,A'
401,A,category_5,73,A'
402,C,category_9,67,B'
403,B,category_1,66,C'
404,B,category_5,93,A'
405,A,category_9,53,B'
406,B,category_9,43,B'
407,A,category_9,17,A'
408,D,category_9,18,B'
409,D,category_5,72,B'
410,C,category_5,91,B'
411,C,category_8,43,B'
412,B,category_6,7,B'
413,C,category_4,32,B'
414,A,category_6,8,C'
415,D,category_1,31,A'
416,D,category_6,51,B'
417,A,category_9,99,B'
418,B,category_3,89,A'
419,A,category_7,58,C'
420,C,category_2,89,A'
421,B,category_8,90,B'
422,C,category_3,99,B'
423,D,category_4,38,C'
424,B,category_3,36,A'
425,D,category_8,41,B'
426,A,category_1,64,B'
427,A,category_5,40,C'
428,D,category_3,54,A'
429,D,category_4,85,C'
430,D,category_1,93,C'
431,A,category_6,58,C'
432,A,category_4,93,A'
433,D,category_1,74,C'
434,A,category_7,26,C'
435,C,category_6,90,A'
436,B,category_3,43,B'
437,A,category_1,80,C'
438,D,category_2,38,B'
439,D,category_8,84,B'
440,D,category_2,97,B'
441,A,category_1,93,C'
442,C,category_5,89,A'
443,D,category_4,26,B'
444,B,category_9,68,A'
445,A,category_7,99,C'
446,C,category_8,45,A'
447,C,category_8,87,A'
448,C,category_4,66,B'
449,A,category_2,61,B'
450,A,category_6,1,B'
451,D,category_8,4,A'
452,D,category_2,62,C'
453,C,category_7,11,C'
454,D,category_4,13,C'
455,D,category_5,33,B'
456,C,category_5,37,B'
457,A,category_7,62,A'
458,B,category_5,69,C'
459,D,category_5,68,B'
460,D,category_3,74,A'
461,B,category_8,50,C'
462,C,category_5,35,A'
463,D,category_9,20,B'
464,D,category_3,12,B'
465,D,category_4,83,C'
466,A,category_5,9,A'
467,D,category_1,42,B'
468,B,category_6,3,A'
469,A,category_2,12,B'
470,D,category_4,21,C'
471,D,category_3,17,C'
472,C,category_8,74,A'
473,C,category_2,56,A'
474,B,category_1,57,C'
475,B,category_3,93,B'
476,A,category_4,87,B'
477,D,category_5,9,C'
478,D,category_3,92,C'
479,B,category_5,12,A'
480,B,category_9,17,A'
481,A,category_4,91,A'
482,B,category_9,94,B'
483,A,category_3,99,A'
484,C,category_9,25,A'
485,B,category_7,53,C'
486,A,category_8,47,B'
487,D,category_6,80,C'
488,A,category_4,36,B'
489,D,category_9,37,C'
490,C,category_1,88,A'
491,D,category_3,2,A'
492,A,category_1,88,B'
493,C,category_2,50,C'
494,A,category_8,25,B'
495,D,category_6,14,A'
496,A,category_7,45,C'
497,A,category_8,61,A'
498,A,category_9,69,B'
499,C,category_7,75,A'
500,D,category_3,43,B'
501,D,category_1,43,C'
502,C,category_8,8,B'
503,A,category_6,18,B'
504,D,category_1,46,A'
505,C,category_1,21,B'
506,D,category_6,9,B'
507,C,category_3,23,A'
508,C,category_8,13,B'
509,C,category_2,98,A'
510,A,category_9,25,B'
511,D,category_8,51,B'
512,B,category_4,6,C'
513,C,category_8,95,B'
514,D,category_8,38,C'
515,C,category_7,40,A'
516,D,category_2,88,C'
517,D,category_9,50,A'
518,D,category_4,67,C'
519,B,category_4,60,C'
520,B,category_1,2,C'
521,D,category_4,26,A'
522,C,category_2,79,A'
523,A,category_3,4,B'
524,B,category_6,17,B'
525,B,category_3,86,C'
526,A,category_2,3,A'
527,D,category_2,48,A'
528,B,category_3,39,C'
529,C,category_1,39,C'
530,B,category_4,61,C'
531,B,category_4,10,A'
532,D,category_5,93,A'
533,C,category_2,64,A'
534,C,category_7,8,A'
535,B,category_6,76,C'
536,B,category_6,15,C'
537,C,category_5,84,C'
538,B,category_4,75,B'
539,D,category_9,36,C'
540,D,category_9,73,A'
541,D,category_5,27,B'
542,C,category_1,15,A'
543,D,category_1,79,B'
544,B,category_2,55,C'
545,B,category_8,1,B'
546,B,category_6,9,C'
547,B,category_9,13,C'
548,D,category_6,10,A'
549,C,category_3,29,B'
550,B,category_4,31,C'
551,B,category_9,17,C'
552,B,category_8,75,C'
553,A,category_2,79,A'
554,C,category_9,65,A'
555,D,category_1,89,C'
556,A,category_3,30,A'
557,A,category_2,23,B'
558,C,category_6,82,B'
559,C,category_4,2,B'
560,A,category_6,80,A'
561,A,category_8,79,A'
562,A,category_3,47,A'
563,C,category_2,41,A'
564,A,category_7,58,A'
565,D,category_1,51,B'
566,D,category_1,29,A'
567,A,category_6,15,A'
568,A,category_9,32,A'
569,B,category_6,47,B'
570,B,category_2,56,C'
571,B,category_6,36,C'
572,A,category_6,12,C'
573,A,category_7,23,C'
574,C,category_6,46,C'
575,C,category_6,5,A'
576,C,category_4,94,A'
577,D,category_1,2,B'
578,B,category_8,6,C'
579,B,category_4,80,B'
580,D,category_5,55,A'
581,A,category_1,84,A'
582,A,category_5,79,A'
583,A,category_8,51,C'
584,C,category_1,81,A'
585,B,category_7,35,A'
586,C,category_6,64,A'
587,B,category_5,82,A'
588,C,category_8,28,C'
589,A,category_5,25,C'
590,D,category_8,80,A'
591,A,category_2,88,C'
592,A,category_7,0,A'
593,D,category_5,52,B'
594,D,category_5,17,C'
595,D,category_9,73,B'
596,B,category_6,95,A'
597,D,category_8,15,C'
598,A,category_3,37,A'
599,A,category_3,30,C'
600,D,category_6,48,B'
601,D,category_2,55,A'
602,A,category_4,39,A'
603,A,category_1,23,B'
604,A,category_9,68,A'
605,B,category_3,17,C'
606,B,category_5,1,A'
607,D,category_2,71,B'
608,B,category_6,28,B'
609,D,category_8,8,C'
610,A,category_3,85,C'
611,B,category_9,88,A'
612,B,category_3,44,A'
613,A,category_4,51,A'
614,A,category_1,55,B'
615,A,category_9,58,A'
616,B,category_6,41,C'
617,A,category_8,92,B'
618,B,category_4,74,C'
619,D,category_7,61,A'
620,B,category_7,67,C'
621,C,category_1,82,A'
622,B,category_2,61,B'
623,D,category_4,0,B'
624,B,category_3,51,C'
625,D,category_5,95,B'
626,C,category_5,66,A'
627,C,category_4,91,C'
628,A,category_1,42,B'
629,C,category_1,34,A'
630,D,category_5,94,A'
631,D,category_9,49,C'
632,C,category_5,96,C'
633,D,category_3,57,C'
634,A,category_3,5,A'
635,C,category_5,91,B'
636,D,category_6,37,B'
637,C,category_1,26,A'
638,C,category_1,48,A'
639,A,category_2,11,A'
640,D,category_4,91,A'
641,B,category_5,91,A'
642,D,category_8,33,C'
643,D,category_6,91,A'
644,D,category_7,1,B'
645,A,category_6,19,C'
646,A,category_1,33,B'
647,D,category_7,80,C'
648,A,category_1,6,C'
649,D,category_1,13,B'
650,B,category_4,36,B'
651,B,category_3,57,B'
652,A,category_7,4,A'
653,A,category_3,7,B'
654,B,category_2,84,A'
655,C,category_6,52,B'
656,C,category_1,56,B'
657,A,category_8,66,C'
658,C,category_4,20,B'
659,C,category_7,80,B'
660,B,category_4,0,B'
661,C,category_8,66,A'
662,A,category_8,55,B'
663,B,category_1,76,A'
664,D,category_8,88,A'
665,B,category_8,12,A'
666,B,category_5,8,A'
667,B,category_3,98,C'
668,C,category_7,21,C'
669,A,category_3,10,C'
670,D,category_7,83,C'
671,D,category_5,10,B'
672,A,category_4,58,B'
673,C,category_6,8,A'
674,C,category_5,31,B'
675,B,category_7,28,A'
676,D,category_2,29,A'
677,D,category_3,92,A'
678,B,category_7,97,C'
679,A,category_5,14,A'
680,C,category_6,90,A'
681,C,category_5,54,A'
682,A,category_4,92,C'
683,C,category_3,5,C'
684,C,category_7,9,A'
685,D,category_7,65,C'
686,B,category_1,54,C'
687,B,category_6,24,A'
688,A,category_1,37,A'
689,D,category_8,11,C'
690,B,category_5,57,A'
691,A,category_9,45,A'
692,D,category_6,58,C'
693,B,category_5,35,C'
694,D,category_5,51,A'
695,C,category_4,30,C'
696,C,category_1,5,A'
697,B,category_8,99,A'
698,D,category_5,22,A'
699,C,category_9,9,B'
700,D,category_3,36,A'
701,D,category_2,75,C'
702,D,category_5,93,C'
703,A,category_6,26,C'
704,B,category_5,94,A'
705,B,category_2,1,C'
706,C,category_9,32,A'
707,B,category_5,36,A'
708,D,category_1,94,B'
709,B,category_5,48,A'
710,B,category_4,1,C'
711,D,category_9,23,A'
712,A,category_5,74,A'
713,A,category_8,43,C'
714,A,category_7,17,A'
715,A,category_3,70,B'
716,A,category_3,32,A'
717,B,category_6,63,C'
718,B,category_8,72,C'
719,C,category_1,3,B'
720,C,category_2,18,B'
721,C,category_9,49,C'
722,C,category_9,97,A'
723,D,category_9,3,B'
724,A,category_9,49,A'
725,C,category_3,80,C'
726,C,category_7,78,B'
727,C,category_4,96,B'
728,D,category_4,9,C'
729,B,category_6,37,A'
730,C,category_3,80,C'
731,B,category_1,40,B'
732,D,category_3,94,B'
733,B,category_6,37,B'
734,C,category_2,68,B'
735,A,category_4,50,A'
736,D,category_4,23,B'
737,D,category_2,66,B'
738,C,category_1,35,A'
739,C,category_3,56,C'
740,B,category_9,18,B'
741,A,category_5,82,A'
742,B,category_7,0,B'
743,A,category_2,41,B'
744,C,category_5,65,A'
745,D,category_8,13,C'
746,B,category_5,9,C'
747,B,category_9,51,C'
748,A,category_3,20,B'
749,C,category_8,84,A'
750,B,category_1,99,B'
751,B,category_9,4,B'
752,D,category_3,29,B'
753,D,category_6,11,C'
754,A,category_3,57,C'
755,D,category_9,12,B'
756,A,category_6,67,C'
757,A,category_5,87,A'
758,D,category_1,30,C'
759,D,category_2,55,A'
760,B,category_3,83,A'
761,D,category_4,54,C'
762,A,category_6,70,C'
763,C,category_1,20,A'
764,C,category_6,93,C'
765,B,category_5,40,A'
766,D,category_5,34,A'
767,C,category_9,57,C'
768,A,category_7,91,C'
769,B,category_2,72,C'
770,B,category_5,74,C'
771,A,category_8,13,A'
772,C,category_3,64,C'
773,A,category_3,97,A'
774,A,category_3,27,A'
775,A,category_9,8,C'
776,C,category_5,59,A'
777,B,category_3,1,C'
778,A,category_6,24,A'
779,C,category_7,4,A'
780,A,category_6,98,C'
781,B,category_5,92,A'
782,B,category_9,63,C'
783,C,category_8,68,B'
784,A,category_6,1,A'
785,D,category_7,10,B'
786,D,category_1,25,C'
787,D,category_1,40,C'
788,B,category_3,63,C'
789,B,category_1,47,A'
790,C,category_5,89,B'
791,A,category_6,2,B'
792,B,category_1,33,B'
793,A,category_4,97,A'
794,A,category_7,53,B'
795,D,category_5,66,A'
796,D,category_7,36,C'
797,C,category_8,54,C'
798,C,category_8,13,A'
799,D,category_1,91,C'
800,B,category_6,75,A'
801,C,category_4,63,A'
802,A,category_4,47,B'
803,C,category_4,85,C'
804,D,category_7,25,A'
805,C,category_9,45,A'
806,D,category_3,67,A'
807,B,category_5,36,A'
808,D,category_7,79,A'
809,C,category_1,20,B'
810,B,category_9,97,B'
811,C,category_2,63,B'
812,D,category_1,9,C'
813,C,category_7,1,B'
814,D,category_9,81,C'
815,A,category_1,6,C'
816,A,category_5,6,A'
817,D,category_5,54,C'
818,C,category_9,49,B'
819,C,category_4,39,A'
820,D,category_8,34,B'
821,B,category_6,90,C'
822,A,category_6,72,C'
823,D,category_6,71,C'
824,A,category_8,40,B'
825,C,category_9,26,B'
826,C,category_1,47,A'
827,A,category_8,33,C'
828,A,category_5,40,C'
829,B,category_7,50,C'
830,C,category_1,67,C'
831,A,category_8,67,A'
832,B,category_8,51,C'
833,B,category_2,84,A'
834,C,category_4,58,B'
835,C,category_6,7,A'
836,B,category_5,70,B'
837,D,category_9,15,A'
838,C,category_3,81,B'
839,D,category_1,25,A'
840,C,category_8,37,C'
841,D,category_2,76,A'
842,D,category_5,47,B'
843,C,category_8,95,A'
844,C,category_4,65,C'
845,D,category_8,45,A'
846,A,category_9,16,C'
847,C,category_9,78,C'
848,C,category_5,70,C'
849,B,category_2,49,B'
850,C,category_3,70,B'
851,D,category_6,49,B'
852,C,category_5,43,C'
853,B,category_7,82,C'
854,D,category_9,28,C'
855,A,category_4,69,C'
856,A,category_1,96,A'
857,D,category_7,94,B'
858,C,category_5,95,B'
859,D,category_1,40,A'
860,D,category_6,54,A'
861,B,category_9,94,A'
862,D,category_4,27,A'
863,A,category_2,6,B'
864,A,category_7,48,B'
865,D,category_3,89,A'
866,D,category_8,6,A'
867,D,category_4,28,A'
868,D,category_8,79,A'
869,B,category_9,58,B'
870,B,category_5,17,A'
871,C,category_2,97,A'
872,A,category_6,94,B'
873,D,category_9,57,B'
874,C,category_1,55,A'
875,D,category_5,55,B'
876,B,category_9,48,A'
877,D,category_8,17,B'
878,B,category_2,36,B'
879,D,category_7,37,A'
880,C,category_3,76,B'
881,C,category_2,12,B'
882,C,category_4,47,B'
883,C,category_6,17,C'
884,C,category_7,29,C'
885,B,category_8,96,C'
886,C,category_6,85,C'
887,C,category_1,28,B'
888,A,category_3,97,B'
889,A,category_9,65,C'
890,B,category_6,35,C'
891,B,category_1,49,A'
892,B,category_1,73,A'
893,B,category_2,45,A'
894,A,category_8,70,B'
895,D,category_6,81,B'
896,D,category_3,31,A'
897,B,category_4,18,B'
898,B,category_7,72,C'
899,D,category_2,6,A'
900,D,category_9,92,C'
901,A,category_5,83,B'
902,B,category_9,95,B'
903,C,category_6,18,A'
904,C,category_1,13,B'
905,D,category_5,88,A'
906,D,category_3,61,B'
907,D,category_2,79,A'
908,D,category_1,50,A'
909,D,category_4,26,B'
910,C,category_3,4,A'
911,C,category_6,66,A'
912,A,category_9,3,C'
913,C,category_5,7,C'
914,D,category_6,4,B'
915,D,category_8,52,B'
916,C,category_7,3,C'
917,C,category_3,65,C'
918,B,category_4,90,A'
919,C,category_4,94,B'
920,D,category_5,73,B'
921,B,category_5,35,B'
922,B,category_4,47,A'
923,A,category_1,82,A'
924,D,category_4,63,C'
925,D,category_1,38,C'
926,B,category_4,98,B'
927,D,category_8,25,C'
928,C,category_3,37,B'
929,D,category_5,40,A'
930,B,category_7,10,B'
931,D,category_6,28,C'
932,D,category_3,11,B'
933,C,category_2,23,A'
934,A,category_7,62,C'
935,C,category_4,63,B'
936,D,category_1,77,C'
937,B,category_8,11,B'
938,B,category_1,95,A'
939,D,category_3,30,B'
940,A,category_2,26,C'
941,C,category_4,85,A'
942,B,category_4,22,B'
943,D,category_5,28,B'
944,D,category_1,62,A'
945,C,category_4,53,A'
946,B,category_8,51,A'
947,A,category_7,65,A'
948,A,category_7,98,C'
949,A,category_8,73,C'
950,C,category_3,74,B'
951,D,category_3,11,C'
952,D,category_3,92,A'
953,B,category_3,6,A'
954,C,category_9,60,B'
955,B,category_3,94,B'
956,A,category_2,53,A'
957,D,category_4,83,B'
958,B,category_3,82,A'
959,C,category_5,43,A'
960,A,category_3,50,A'
961,B,category_2,46,C'
962,D,category_6,47,B'
963,C,category_6,87,B'
964,C,category_8,22,A'
965,B,category_3,17,C'
966,B,category_6,82,A'
967,B,category_6,95,C'
968,B,category_6,5,B'
969,B,category_7,89,A'
970,B,category_3,9,C'
971,A,category_4,98,A'
972,C,category_7,5,B'
973,B,category_8,20,C'
974,D,category_4,15,A'
975,B,category_3,97,A'
976,C,category_5,26,A'
977,C,category_8,83,C'
978,B,category_5,7,B'
979,C,category_3,49,A'
980,B,category_4,12,C'
981,A,category_2,11,B'
982,D,category_2,99,C'
983,A,category_4,21,A'
984,C,category_6,17,B'
985,C,category_8,65,B'
986,B,category_5,99,B'
987,D,category_7,2,C'
988,D,category_7,18,C'
989,D,category_8,4,A'
990,A,category_4,69,C'
991,C,category_6,83,B'
992,D,category_6,86,C'
993,D,category_9,14,A'
994,B,category_1,18,C'
995,B,category_4,80,A'
996,B,category_8,39,C'
997,C,category_3,1,C'
998,B,category_8,74,A'
999,C,category_9,11,A'
1000,A,category_7,21,C'
1001,C,category_7,22,C'
1002,D,category_3,22,B'
1003,A,category_9,77,B'
1004,B,category_4,23,C'
1005,C,category_3,88,B'
1006,C,category_2,91,A'
1007,B,category_5,80,B'
1008,D,category_4,47,C'
1009,C,category_7,46,A'
1010,C,category_5,22,B'
1011,C,category_6,25,C'
1012,A,category_7,38,B'
1013,D,category_9,75,A'
1014,D,category_6,1,B'
1015,C,category_2,46,B'
1016,C,category_1,37,C'
1017,B,category_5,69,B'
1018,B,category_3,40,B'
1019,C,category_3,98,B'
1020,C,category_1,49,B'
1021,B,category_1,17,A'
1022,C,category_1,59,A'
1023,B,category_4,15,B'
1024,C,category_5,13,A'
1025,B,category_2,78,A'
1026,B,category_1,64,C'
1027,C,category_2,11,B'
1028,D,category_2,47,A'
1029,A,category_6,18,B'
1030,B,category_1,43,C'
1031,A,category_2,37,B'
1032,A,category_6,72,A'
1033,A,category_9,11,C'
1034,C,category_3,48,C'
1035,D,category_7,42,C'
1036,C,category_8,61,B'
1037,D,category_1,13,B'
1038,B,category_9,29,C'
1039,C,category_7,33,A'
1040,C,category_2,82,B'
1041,C,category_8,55,C'
1042,D,category_2,17,B'
1043,A,category_3,30,C'
1044,D,category_7,28,B'
1045,A,category_5,74,C'
1046,C,category_8,66,B'
1047,B,category_3,17,B'
1048,B,category_5,68,C'
1049,D,category_3,45,B'
1050,C,category_9,22,A'
1051,B,category_1,92,C'
1052,B,category_7,65,C'
1053,D,category_2,13,A'
1054,B,category_4,80,A'
1055,A,category_4,55,B'
1056,C,category_1,48,B'
1057,C,category_4,88,A'
1058,B,category_6,49,C'
1059,A,category_3,62,B'
1060,A,category_1,60,A'
1061,B,category_9,8,C'
1062,C,category_9,59,C'
1063,B,category_5,35,A'
1064,C,category_1,65,A'
1065,A,category_4,71,A'
1066,B,category_2,6,C'
1067,D,category_7,89,A'
1068,D,category_2,51,B'
1069,D,category_9,60,B'
1070,A,category_4,60,C'
1071,C,category_2,2,C'
1072,C,category_5,47,C'
1073,B,category_8,90,B'
1074,C,category_4,59,B'
1075,D,category_1,35,C'
1076,C,category_7,12,B'
1077,C,category_8,22,B'
1078,B,category_9,80,B'
1079,D,category_5,78,C'
1080,B,category_3,75,C'
1081,B,category_8,69,C'
1082,D,category_4,14,B'
1083,C,category_1,6,C'
1084,A,category_7,64,B'
1085,A,category_8,74,C'
1086,D,category_3,85,A'
1087,B,category_1,38,A'
1088,C,category_5,46,C'
1089,A,category_5,35,A'
1090,C,category_1,60,A'
1091,A,category_2,79,B'
1092,C,category_6,23,B'
1093,A,category_4,55,B'
1094,D,category_7,27,B'
1095,B,category_5,52,A'
1096,A,category_1,38,C'
1097,A,category_2,67,B'
1098,D,category_8,55,C'
1099,C,category_6,46,B'
1100,A,category_7,61,B'
1101,C,category_4,4,A'
1102,C,category_4,77,A'
1103,B,category_6,59,A'
1104,C,category_7,90,C'
1105,B,category_2,64,B'
1106,C,category_8,23,B'
1107,A,category_1,16,A'
1108,A,category_8,96,C'
1109,B,category_3,89,B'
1110,A,category_9,17,C'
1111,C,category_7,86,C'
1112,A,category_7,34,B'
1113,A,category_3,0,C'
1114,C,category_8,27,C'
1115,D,category_9,72,B'
1116,D,category_8,99,C'
1117,A,category_8,82,B'
1118,D,category_3,65,A'
1119,D,category_9,22,B'
1120,C,category_7,98,A'
1121,A,category_9,17,B'
1122,B,category_2,67,C'
1123,D,category_1,62,B'
1124,B,category_5,94,A'
1125,B,category_2,22,A'
1126,C,category_3,45,C'
1127,B,category_5,45,C'
1128,A,category_8,54,C'
1129,C,category_6,48,B'
1130,D,category_8,84,B'
1131,D,category_3,32,A'
1132,B,category_9,11,B'
1133,B,category_2,1,A'
1134,C,category_7,81,C'
1135,D,category_2,82,B'
1136,D,category_5,49,B'
1137,C,category_2,60,A'
1138,A,category_6,38,B'
1139,A,category_5,44,A'
1140,A,category_5,43,A'
1141,A,category_7,43,B'
1142,D,category_7,20,A'
1143,C,category_1,6,A'
1144,A,category_4,54,A'
1145,B,category_3,21,A'
1146,C,category_3,38,A'
1147,B,category_8,28,C'
1148,D,category_4,15,C'
1149,A,category_8,33,A'
1150,B,category_9,24,C'
1151,B,category_7,98,B'
1152,A,category_8,30,B'
1153,D,category_6,96,A'
1154,D,category_6,58,A'
1155,A,category_8,78,C'
1156,A,category_4,70,C'
1157,B,category_9,80,C'
1158,B,category_4,43,A'
1159,D,category_7,84,A'
1160,D,category_3,11,B'
1161,D,category_8,17,C'
1162,D,category_9,71,C'
1163,B,category_1,56,A'
1164,D,category_3,57,A'
1165,C,category_7,81,C'
1166,B,category_6,22,A'
1167,C,category_3,95,A'
1168,B,category_8,2,B'
1169,B,category_7,5,C'
1170,A,category_6,44,A'
1171,B,category_4,90,A'
1172,A,category_4,78,C'
1173,A,category_5,90,C'
1174,A,category_2,9,C'
1175,A,category_5,92,A'
1176,B,category_6,42,B'
1177,C,category_5,21,C'
1178,C,category_7,78,C'
1179,B,category_9,5,B'
1180,D,category_3,63,C'
1181,B,category_2,27,B'
1182,D,category_8,94,B'
1183,B,category_7,39,C'
1184,D,category_3,24,C'
1185,A,category_9,62,C'
1186,B,category_7,84,A'
1187,D,category_9,44,A'
1188,D,category_8,72,B'
1189,D,category_7,71,B'
1190,A,category_9,6,C'
1191,B,category_9,99,B'
1192,D,category_2,96,C'
1193,D,category_9,97,A'
1194,D,category_6,88,B'
1195,B,category_3,57,B'
1196,D,category_4,56,B'
1197,A,category_9,46,C'
1198,C,category_4,66,A'
1199,A,category_8,47,A'
1200,B,category_6,92,A'
1201,B,category_2,48,C'
1202,D,category_6,3,A'
1203,A,category_9,68,B'
1204,A,category_1,15,A'
1205,B,category_6,6,C'
1206,D,category_3,29,B'
1207,A,category_1,98,A'
1208,D,category_3,8,C'
1209,C,category_8,20,B'
1210,D,category_5,38,B'
1211,B,category_9,47,C'
1212,A,category_5,96,A'
1213,C,category_1,56,B'
1214,D,category_9,96,A'
1215,D,category_7,71,A'
1216,C,category_5,54,B'
1217,B,category_6,15,C'
1218,A,category_5,58,C'
1219,D,category_5,82,A'
1220,A,category_2,40,C'
1221,C,category_6,71,A'
1222,C,category_9,11,C'
1223,D,category_4,10,C'
1224,A,category_4,42,B'
1225,C,category_6,87,C'
1226,D,category_8,85,C'
1227,C,category_7,91,B'
1228,D,category_4,83,A'
1229,A,category_6,82,B'
1230,B,category_2,89,A'
1231,D,category_4,82,C'
1232,B,category_7,44,C'
1233,A,category_7,7,C'
1234,B,category_3,25,B'
1235,A,category_2,69,C'
1236,A,category_4,42,C'
1237,A,category_9,40,B'
1238,B,category_6,21,A'
1239,A,category_8,83,A'
1240,D,category_1,85,B'
1241,C,category_9,66,A'
1242,C,category_9,61,A'
1243,D,category_7,32,A'
1244,C,category_4,39,C'
1245,B,category_7,57,B'
1246,A,category_3,87,B'
1247,C,category_4,46,B'
1248,A,category_5,32,C'
1249,C,category_1,20,A'
1250,C,category_1,66,A'
1251,B,category_2,65,C'
1252,B,category_1,1,B'
1253,C,category_9,16,B'
1254,A,category_9,23,B'
1255,C,category_2,71,C'
1256,B,category_8,27,A'
1257,A,category_4,3,B'
1258,B,category_9,34,B'
1259,C,category_3,64,B'
1260,B,category_6,71,A'
1261,B,category_9,40,B'
1262,B,category_2,55,C'
1263,B,category_2,29,C'
1264,C,category_8,88,C'
1265,C,category_3,34,B'
1266,B,category_6,19,B'
1267,C,category_5,94,C'
1268,C,category_3,81,C'
1269,D,category_6,55,A'
1270,D,category_7,7,B'
1271,D,category_5,58,A'
1272,C,category_4,72,B'
1273,C,category_6,86,A'
1274,C,category_8,52,A'
1275,D,category_3,87,A'
1276,A,category_2,57,C'
1277,B,category_8,97,A'
1278,A,category_6,64,C'
1279,B,category_5,22,B'
1280,C,category_5,9,B'
1281,A,category_7,62,A'
1282,A,category_1,27,C'
1283,D,category_2,90,C'
1284,A,category_8,49,A'
1285,B,category_1,18,C'
1286,D,category_9,92,A'
1287,A,category_1,33,A'
1288,D,category_2,65,C'
1289,B,category_6,45,C'
1290,B,category_4,44,B'
1291,A,category_2,34,A'
1292,B,category_5,82,B'
1293,C,category_6,22,B'
1294,B,category_9,39,A'
1295,D,category_4,58,B'
1296,B,category_1,84,C'
1297,A,category_1,37,B'
1298,B,category_7,7,A'
1299,B,category_1,53,B'
1300,A,category_5,49,C'
1301,C,category_4,52,B'
1302,D,category_9,6,C'
1303,C,category_6,57,B'
1304,A,category_7,34,C'
1305,A,category_2,54,A'
1306,A,category_6,79,B'
1307,D,category_5,82,C'
1308,C,category_6,68,A'
1309,D,category_8,6,C'
1310,D,category_2,96,C'
1311,A,category_7,33,A'
1312,C,category_9,45,A'
1313,A,category_2,86,B'
1314,A,category_1,77,C'
1315,B,category_6,23,A'
1316,C,category_8,55,C'
1317,B,category_3,97,A'
1318,C,category_8,89,A'
1319,D,category_3,94,B'
1320,A,category_8,98,C'
1321,D,category_7,98,A'
1322,C,category_3,36,A'
1323,A,category_7,71,A'
1324,D,category_8,31,B'
1325,A,category_2,28,C'
1326,C,category_6,0,C'
1327,D,category_3,82,A'
1328,D,category_2,49,B'
1329,B,category_6,93,A'
1330,C,category_2,25,C'
1331,A,category_8,9,B'
1332,C,category_2,68,A'
1333,A,category_8,75,B'
1334,D,category_4,62,A'
1335,C,category_9,40,C'
1336,C,category_9,68,C'
1337,C,category_3,17,C'
1338,D,category_4,48,B'
1339,D,category_8,43,A'
1340,C,category_1,42,A'
1341,D,category_2,16,A'
1342,B,category_2,33,C'
1343,B,category_4,47,C'
1344,C,category_9,37,B'
1345,C,category_9,37,B'
1346,C,category_2,99,C'
1347,D,category_2,98,C'
1348,B,category_1,60,B'
1349,A,category_5,54,B'
1350,A,category_1,61,A'
1351,A,category_5,46,B'
1352,B,category_5,61,B'
1353,D,category_4,61,B'
1354,D,category_6,99,A'
1355,B,category_9,52,C'
1356,D,category_6,48,C'
1357,B,category_3,47,C'
1358,D,category_9,26,C'
1359,B,category_8,80,B'
1360,B,category_2,19,B'
1361,B,category_6,55,B'
1362,B,category_6,14,C'
1363,A,category_8,1,C'
1364,B,category_7,34,A'
1365,A,category_9,87,A'
1366,C,category_5,43,B'
1367,A,category_3,19,A'
1368,B,category_1,82,C'
1369,A,category_5,25,A'
1370,C,category_7,67,A'
1371,A,category_2,79,C'
1372,C,category_1,48,B'
1373,B,category_3,95,C'
1374,B,category_6,22,B'
1375,B,category_7,61,A'
1376,C,category_9,18,A'
1377,B,category_6,41,B'
1378,C,category_1,42,B'
1379,B,category_3,21,C'
1380,C,category_1,5,A'
1381,A,category_2,70,B'
1382,D,category_2,7,C'
1383,A,category_8,47,A'
1384,A,category_8,0,B'
1385,B,category_7,42,A'
1386,C,category_5,51,B'
1387,C,category_1,46,C'
1388,B,category_1,81,B'
1389,C,category_6,92,A'
1390,B,category_2,21,C'
1391,D,category_9,48,C'
1392,A,category_1,10,B'
1393,D,category_9,29,B'
1394,D,category_8,59,B'
1395,A,category_1,54,C'
1396,A,category_5,68,C'
1397,C,category_4,81,C'
1398,A,category_8,68,C'
1399,B,category_9,45,A'
1400,B,category_1,11,C'
1401,D,category_1,13,B'
1402,D,category_1,95,B'
1403,B,category_7,94,C'
1404,A,category_4,20,C'
1405,A,category_2,30,A'
1406,D,category_8,92,C'
1407,D,category_4,13,C'
1408,B,category_2,73,C'
1409,D,category_2,55,C'
1410,B,category_6,31,B'
1411,D,category_4,55,C'
1412,C,category_4,44,C'
1413,C,category_5,49,B'
1414,D,category_2,27,B'
1415,D,category_3,26,B'
1416,A,category_6,48,C'
1417,D,category_8,91,C'
1418,B,category_7,79,A'
1419,B,category_1,75,C'
1420,D,category_6,11,A'
1421,A,category_8,67,B'
1422,C,category_3,83,B'
1423,D,category_9,61,C'
1424,C,category_1,82,B'
1425,C,category_8,69,A'
1426,A,category_4,75,C'
1427,B,category_6,45,A'
1428,A,category_8,81,B'
1429,B,category_2,36,C'
1430,D,category_6,13,C'
1431,B,category_8,95,B'
1432,A,category_6,21,A'
1433,A,category_9,89,B'
1434,B,category_8,55,C'
1435,A,category_6,95,B'
1436,D,category_5,47,B'
1437,A,category_6,30,C'
1438,B,category_4,55,B'
1439,C,category_3,42,A'
1440,D,category_6,74,C'
1441,B,category_7,68,B'
1442,D,category_4,97,A'
1443,D,category_6,12,B'
1444,C,category_2,60,A'
1445,C,category_2,97,C'
1446,C,category_1,63,A'
1447,D,category_2,54,A'
1448,C,category_5,87,C'
1449,B,category_3,98,B'
1450,D,category_7,33,C'
1451,D,category_7,13,C'
1452,C,category_9,69,B'
1453,D,category_7,91,A'
1454,B,category_2,17,A'
1455,D,category_3,71,A'
1456,B,category_1,11,C'
1457,D,category_9,57,A'
1458,A,category_9,5,C'
1459,C,category_4,26,B'
1460,B,category_7,53,B'
1461,A,category_5,67,C'
1462,A,category_4,51,A'
1463,A,category_2,54,C'
1464,D,category_5,85,B'
1465,B,category_4,13,C'
1466,D,category_9,31,A'
1467,D,category_4,57,B'
1468,B,category_1,39,C'
1469,C,category_5,30,C'
1470,A,category_8,51,A'
1471,A,category_6,53,C'
1472,C,category_6,49,B'
1473,B,category_9,17,B'
1474,A,category_9,39,C'
1475,A,category_2,78,B'
1476,C,category_8,56,C'
1477,C,category_3,59,B'
1478,C,category_7,45,A'
1479,C,category_8,94,B'
1480,D,category_6,96,C'
1481,A,category_7,88,A'
1482,A,category_4,51,C'
1483,D,category_3,22,C'
1484,A,category_9,58,C'
1485,C,category_2,83,C'
1486,D,category_5,87,B'
1487,B,category_8,97,B'
1488,C,category_8,13,A'
1489,D,category_9,64,B'
1490,B,category_7,12,B'
1491,A,category_2,32,B'
1492,C,category_3,39,B'
1493,A,category_8,72,C'
1494,B,category_3,71,C'
1495,C,category_3,7,A'
1496,D,category_6,34,A'
1497,D,category_2,60,C'
1498,D,category_6,14,A'
1499,B,category_2,30,C'
1500,C,category_2,39,C'
1501,B,category_6,75,B'
1502,B,category_9,9,C'
1503,D,category_1,28,B'
1504,A,category_3,65,B'
1505,A,category_4,36,B'
1506,D,category_3,1,B'
1507,C,category_9,16,A'
1508,A,category_5,62,C'
1509,A,category_4,64,C'
1510,D,category_5,77,A'
1511,C,category_6,96,A'
1512,B,category_4,29,B'
1513,D,category_4,58,B'
1514,B,category_6,56,C'
1515,C,category_2,76,C'
1516,C,category_2,58,A'
1517,A,category_5,52,A'
1518,C,category_3,88,A'
1519,B,category_8,28,B'
1520,A,category_6,71,C'
1521,A,category_7,56,A'
1522,A,category_9,69,C'
1523,B,category_5,0,B'
1524,C,category_4,24,A'
1525,C,category_3,97,C'
1526,A,category_3,84,C'
1527,C,category_4,60,A'
1528,A,category_9,6,C'
1529,A,category_7,60,A'
1530,A,category_2,22,A'
1531,D,category_7,20,A'
1532,C,category_7,68,A'
1533,D,category_8,96,A'
1534,C,category_2,10,B'
1535,C,category_4,94,C'
1536,B,category_4,50,A'
1537,B,category_4,14,A'
1538,B,category_3,86,A'
1539,C,category_5,68,C'
1540,D,category_8,45,B'
1541,D,category_7,95,B'
1542,A,category_7,2,C'
1543,D,category_3,53,C'
1544,D,category_1,81,A'
1545,D,category_1,67,A'
1546,C,category_1,56,B'
1547,B,category_9,34,B'
1548,C,category_8,90,C'
1549,C,category_8,5,B'
1550,C,category_7,72,A'
1551,B,category_6,50,A'
1552,B,category_7,22,B'
1553,A,category_6,96,C'
1554,D,category_2,53,B'
1555,A,category_5,72,A'
1556,C,category_4,41,B'
1557,C,category_2,19,A'
1558,D,category_3,78,B'
1559,B,category_9,76,B'
1560,D,category_2,90,C'
1561,A,category_9,29,B'
1562,D,category_9,22,A'
1563,B,category_5,47,C'
1564,D,category_4,57,B'
1565,D,category_1,63,A'
1566,C,category_6,2,B'
1567,A,category_9,23,A'
1568,D,category_9,75,B'
1569,C,category_4,55,B'
1570,D,category_6,87,C'
1571,C,category_2,18,B'
1572,A,category_8,63,B'
1573,C,category_4,41,B'
1574,B,category_1,33,C'
1575,D,category_9,79,C'
1576,B,category_8,82,B'
1577,A,category_7,66,C'
1578,B,category_6,28,B'
1579,A,category_3,8,C'
1580,D,category_6,60,B'
1581,C,category_4,20,B'
1582,C,category_1,96,A'
1583,B,category_7,43,C'
1584,C,category_3,86,C'
1585,B,category_7,25,C'
1586,A,category_4,3,B'
1587,C,category_9,64,B'
1588,C,category_1,43,C'
1589,D,category_1,49,A'
1590,D,category_7,59,B'
1591,B,category_5,49,C'
1592,C,category_4,54,C'
1593,C,category_6,45,B'
1594,B,category_1,33,B'
1595,D,category_4,46,A'
1596,A,category_2,63,C'
1597,C,category_8,79,C'
1598,C,category_4,35,A'
1599,C,category_9,23,C'
1600,C,category_2,62,C'
1601,B,category_3,59,A'
1602,D,category_9,17,A'
1603,D,category_4,52,A'
1604,B,category_9,78,A'
1605,D,category_8,56,C'
1606,B,category_3,3,B'
1607,D,category_5,43,C'
1608,A,category_7,81,C'
1609,A,category_9,15,B'
1610,A,category_8,21,B'
1611,B,category_9,14,C'
1612,C,category_3,39,A'
1613,B,category_4,73,C'
1614,A,category_5,22,A'
1615,C,category_9,28,A'
1616,B,category_6,56,C'
1617,B,category_5,38,A'
1618,A,category_3,58,B'
1619,D,category_1,91,C'
1620,C,category_4,85,B'
1621,A,category_6,34,A'
1622,B,category_1,58,A'
1623,A,category_2,16,A'
1624,D,category_2,75,B'
1625,D,category_7,71,B'
1626,C,category_4,75,C'
1627,B,category_5,73,A'
1628,B,category_4,24,B'
1629,D,category_4,72,B'
1630,A,category_5,41,A'
1631,B,category_8,12,A'
1632,C,category_4,96,C'
1633,C,category_4,36,A'
1634,B,category_7,35,B'
1635,D,category_3,4,A'
1636,B,category_5,43,A'
1637,A,category_3,19,A'
1638,D,category_5,39,A'
1639,A,category_1,9,A'
1640,A,category_8,57,A'
1641,C,category_8,79,C'
1642,C,category_7,38,C'
1643,B,category_6,93,C'
1644,A,category_3,89,A'
1645,C,category_9,8,C'
1646,A,category_2,7,A'
1647,D,category_3,74,C'
1648,D,category_1,39,A'
1649,D,category_4,45,A'
1650,C,category_5,99,C'
1651,A,category_5,11,A'
1652,A,category_7,31,C'
1653,D,category_5,92,A'
1654,D,category_5,55,B'
1655,A,category_1,9,C'
1656,B,category_8,15,A'
1657,D,category_4,9,B'
1658,C,category_2,35,C'
1659,C,category_6,48,A'
1660,A,category_3,31,A'
1661,B,category_7,95,B'
1662,D,category_3,41,C'
1663,A,category_7,84,C'
1664,B,category_7,40,C'
1665,D,category_3,40,B'
1666,D,category_9,2,B'
1667,D,category_8,5,B'
1668,A,category_7,6,B'
1669,D,category_3,0,A'
1670,C,category_3,44,C'
1671,A,category_6,64,B'
1672,A,category_8,49,C'
1673,A,category_2,56,C'
1674,D,category_1,79,A'
1675,A,category_7,41,A'
1676,C,category_6,80,B'
1677,D,category_9,10,C'
1678,B,category_8,17,C'
1679,A,category_7,45,A'
1680,A,category_6,57,C'
1681,A,category_3,1,B'
1682,C,category_2,87,C'
1683,D,category_8,76,C'
1684,B,category_4,71,B'
1685,A,category_5,75,C'
1686,C,category_4,23,C'
1687,C,category_7,35,C'
1688,C,category_6,95,A'
1689,D,category_6,78,A'
1690,C,category_5,86,A'
1691,B,category_9,1,C'
1692,C,category_6,92,C'
1693,C,category_4,76,B'
1694,A,category_4,24,B'
1695,A,category_9,92,C'
1696,B,category_4,61,A'
1697,C,category_7,12,C'
1698,D,category_1,67,C'
1699,B,category_5,80,B'
1700,B,category_8,92,B'
1701,B,category_4,19,C'
1702,D,category_1,2,C'
1703,C,category_2,35,B'
1704,C,category_1,98,C'
1705,B,category_1,35,C'
1706,B,category_5,40,C'
1707,A,category_2,53,C'
1708,B,category_9,96,C'
1709,C,category_7,61,B'
1710,D,category_9,19,A'
1711,D,category_1,3,A'
1712,A,category_6,23,C'
1713,A,category_3,44,C'
1714,C,category_4,3,C'
1715,B,category_1,5,C'
1716,D,category_7,49,B'
1717,D,category_3,6,B'
1718,A,category_1,75,C'
1719,C,category_6,94,A'
1720,B,category_9,29,C'
1721,A,category_8,46,B'
1722,B,category_2,79,B'
1723,D,category_8,41,B'
1724,A,category_5,89,B'
1725,C,category_6,29,B'
1726,A,category_4,97,B'
1727,C,category_3,64,B'
1728,A,category_6,73,B'
1729,A,category_7,90,C'
1730,B,category_6,0,B'
1731,A,category_4,11,C'
1732,B,category_5,53,C'
1733,B,category_6,52,A'
1734,C,category_9,71,B'
1735,B,category_3,15,C'
1736,B,category_5,53,C'
1737,D,category_3,75,A'
1738,A,category_8,82,C'
1739,D,category_4,2,C'
1740,B,category_6,37,C'
1741,D,category_9,32,B'
1742,B,category_7,50,A'
1743,C,category_5,96,C'
1744,D,category_4,87,B'
1745,A,category_1,68,C'
1746,C,category_1,21,A'
1747,B,category_6,46,A'
1748,C,category_9,42,A'
1749,B,category_9,72,C'
1750,A,category_8,48,C'
1751,D,category_7,53,A'
1752,B,category_5,31,B'
1753,B,category_7,41,A'
1754,B,category_7,99,B'
1755,C,category_5,53,C'
1756,C,category_4,20,B'
1757,C,category_1,79,B'
1758,C,category_6,64,B'
1759,A,category_1,35,A'
1760,D,category_5,36,C'
1761,B,category_2,60,A'
1762,C,category_1,90,A'
1763,C,category_3,12,B'
1764,C,category_5,85,C'
1765,C,category_3,65,B'
1766,B,category_7,0,B'
1767,B,category_1,97,A'
1768,C,category_9,41,C'
1769,D,category_3,0,B'
1770,D,category_6,92,C'
1771,D,category_8,16,B'
1772,D,category_4,27,B'
1773,B,category_8,22,C'
1774,C,category_6,29,B'
1775,A,category_5,8,B'
1776,D,category_3,23,C'
1777,A,category_8,69,A'
1778,C,category_3,64,B'
1779,C,category_9,70,B'
1780,B,category_3,95,B'
1781,C,category_2,99,C'
1782,D,category_5,15,C'
1783,A,category_3,65,A'
1784,A,category_6,27,A'
1785,D,category_1,63,B'
1786,B,category_3,76,C'
1787,A,category_5,67,A'
1788,C,category_1,89,B'
1789,D,category_9,36,B'
1790,C,category_9,50,C'
1791,A,category_4,50,C'
1792,A,category_7,38,B'
1793,C,category_6,16,C'
1794,A,category_2,77,B'
1795,C,category_4,32,B'
1796,B,category_1,37,C'
1797,A,category_4,96,B'
1798,C,category_2,4,A'
1799,A,category_7,58,C'
1800,D,category_3,9,A'
1801,A,category_6,68,A'
1802,C,category_9,75,A'
1803,C,category_4,95,C'
1804,B,category_3,58,C'
1805,C,category_8,0,A'
1806,D,category_8,29,B'
1807,B,category_9,80,B'
1808,A,category_2,78,A'
1809,A,category_4,60,A'
1810,B,category_2,8,A'
1811,A,category_2,72,B'
1812,A,category_5,51,A'
1813,B,category_3,99,C'
1814,A,category_3,33,C'
1815,A,category_8,27,B'
1816,D,category_5,83,C'
1817,C,category_2,77,B'
1818,D,category_7,53,B'
1819,B,category_2,42,B'
1820,A,category_6,13,A'
1821,A,category_1,46,B'
1822,B,category_1,38,B'
1823,C,category_1,79,A'
1824,C,category_9,33,B'
1825,D,category_6,21,B'
1826,D,category_6,46,C'
1827,C,category_2,92,C'
1828,D,category_1,94,A'
1829,C,category_7,77,C'
1830,D,category_6,69,A'
1831,B,category_9,99,A'
1832,A,category_5,4,C'
1833,B,category_1,42,B'
1834,C,category_8,35,B'
1835,B,category_6,46,B'
1836,A,category_7,18,B'
1837,A,category_8,29,B'
1838,C,category_3,76,A'
1839,B,category_9,87,C'
1840,C,category_2,50,A'
1841,A,category_7,27,C'
1842,C,category_3,94,A'
1843,C,category_6,63,B'
1844,A,category_4,33,B'
1845,B,category_4,49,C'
1846,D,category_1,4,A'
1847,D,category_4,75,C'
1848,B,category_1,24,A'
1849,A,category_7,68,B'
1850,A,category_7,60,B'
1851,B,category_5,90,C'
1852,D,category_4,67,C'
1853,B,category_7,10,A'
1854,B,category_3,18,A'
1855,A,category_6,56,A'
1856,A,category_2,79,C'
1857,A,category_5,29,A'
1858,D,category_5,36,C'
1859,B,category_5,70,B'
1860,A,category_7,2,C'
1861,D,category_3,91,B'
1862,A,category_3,8,C'
1863,A,category_6,90,A'
1864,D,category_1,90,B'
1865,C,category_9,39,B'
1866,A,category_8,54,B'
1867,B,category_3,16,B'
1868,C,category_5,26,C'
1869,C,category_3,93,A'
1870,C,category_1,66,A'
1871,D,category_1,39,C'
1872,D,category_8,25,A'
1873,B,category_1,10,B'
1874,D,category_1,66,C'
1875,A,category_7,96,B'
1876,D,category_4,10,B'
1877,D,category_6,91,C'
1878,B,category_7,75,C'
1879,D,category_5,49,C'
1880,D,category_3,41,A'
1881,C,category_8,69,B'
1882,D,category_7,52,B'
1883,A,category_6,65,A'
1884,D,category_8,29,C'
1885,C,category_3,66,C'
1886,D,category_9,6,B'
1887,C,category_6,45,A'
1888,A,category_5,56,A'
1889,C,category_7,30,B'
1890,D,category_2,39,B'
1891,D,category_4,69,B'
1892,D,category_7,71,A'
1893,B,category_1,76,A'
1894,C,category_6,18,A'
1895,D,category_5,98,A'
1896,C,category_9,67,C'
1897,B,category_7,81,A'
1898,C,category_4,32,C'
1899,D,category_3,63,A'
1900,D,category_8,18,B'
1901,D,category_6,6,C'
1902,C,category_5,65,B'
1903,A,category_9,90,C'
1904,A,category_2,31,A'
1905,A,category_6,91,B'
1906,D,category_3,22,A'
1907,C,category_4,71,B'
1908,A,category_4,14,A'
1909,D,category_4,98,A'
1910,B,category_5,44,B'
1911,B,category_5,33,B'
1912,C,category_2,19,A'
1913,D,category_1,69,C'
1914,D,category_2,78,C'
1915,B,category_2,35,C'
1916,D,category_2,36,C'
1917,D,category_4,96,B'
1918,A,category_2,76,C'
1919,A,category_2,12,B'
1920,A,category_9,94,B'
1921,B,category_9,13,C'
1922,B,category_7,80,C'
1923,D,category_1,34,B'
1924,D,category_9,87,A'
1925,D,category_7,43,C'
1926,D,category_2,52,B'
1927,A,category_1,37,C'
1928,B,category_8,65,B'
1929,C,category_9,16,B'
1930,A,category_1,46,A'
1931,C,category_6,64,A'
1932,C,category_3,60,B'
1933,A,category_1,79,A'
1934,D,category_6,34,C'
1935,C,category_1,57,C'
1936,D,category_8,77,C'
1937,C,category_7,99,A'
1938,D,category_8,2,C'
1939,B,category_5,52,C'
1940,B,category_2,33,B'
1941,D,category_5,70,A'
1942,B,category_3,50,A'
1943,C,category_2,51,C'
1944,C,category_4,32,A'
1945,D,category_5,63,A'
1946,C,category_8,98,B'
1947,C,category_3,67,C'
1948,D,category_6,71,B'
1949,B,category_5,39,A'
1950,D,category_6,26,B'
1951,D,category_7,73,A'
1952,C,category_6,65,B'
1953,B,category_1,69,B'
1954,A,category_5,55,A'
1955,C,category_4,80,A'
1956,B,category_5,69,C'
1957,B,category_8,7,B'
1958,A,category_2,95,C'
1959,B,category_9,30,C'
1960,A,category_6,72,A'
1961,D,category_1,27,A'
1962,B,category_8,80,C'
1963,D,category_6,23,B'
1964,B,category_4,53,A'
1965,D,category_6,18,C'
1966,A,category_2,9,A'
1967,D,category_4,45,B'
1968,B,category_4,23,B'
1969,B,category_7,69,A'
1970,A,category_6,30,B'
1971,C,category_7,57,C'
1972,A,category_1,6,B'
1973,B,category_5,16,B'
1974,A,category_9,50,A'
1975,D,category_8,53,B'
1976,B,category_3,46,B'
1977,B,category_4,28,A'
1978,A,category_1,11,A'
1979,B,category_1,45,C'
1980,C,category_9,53,C'
1981,A,category_1,80,A'
1982,D,category_6,95,B'
1983,C,category_7,46,C'
1984,D,category_4,49,C'
1985,D,category_8,13,B'
1986,A,category_3,27,C'
1987,C,category_2,64,C'
1988,A,category_5,18,B'
1989,D,category_7,6,C'
1990,A,category_7,38,B'
1991,D,category_1,27,C'
1992,B,category_3,29,A'
1993,B,category_2,28,C'
1994,D,category_4,22,B'
1995,A,category_5,52,B'
1996,C,category_8,38,C'
1997,B,category_9,49,A'
1998,D,category_6,1,C'
1999,B,category_9,27,A'
2000,B,category_4,16,B'
2001,A,category_4,64,C'
2002,D,category_1,11,B'
2003,D,category_7,54,C'
2004,C,category_7,97,C'
2005,C,category_7,37,A'
2006,D,category_6,64,B'
2007,C,category_4,93,A'
2008,C,category_3,44,B'
2009,C,category_2,33,B'
2010,D,category_8,3,B'
2011,C,category_2,30,C'
2012,B,category_6,83,C'
2013,B,category_5,29,B'
2014,A,category_8,40,A'
2015,D,category_3,70,C'
2016,D,category_9,14,A'
2017,B,category_9,57,B'
2018,C,category_9,15,A'
2019,D,category_2,9,B'
2020,C,category_4,92,A'
2021,C,category_6,9,A'
2022,C,category_4,71,A'
2023,A,category_5,59,A'
2024,C,category_7,18,A'
2025,C,category_8,30,B'
2026,A,category_6,4,C'
2027,D,category_9,57,A'
2028,C,category_8,68,A'
2029,B,category_4,61,B'
2030,D,category_3,87,C'
2031,B,category_2,84,A'
2032,D,category_2,23,A'
2033,A,category_3,84,C'
2034,B,category_5,48,B'
2035,D,category_1,40,A'
2036,C,category_9,25,C'
2037,B,category_2,82,C'
2038,B,category_3,51,B'
2039,D,category_5,59,A'
2040,D,category_3,36,A'
2041,D,category_1,39,B'
2042,C,category_9,2,A'
2043,D,category_1,53,B'
2044,D,category_7,65,B'
2045,D,category_4,57,B'
2046,B,category_9,73,B'
2047,D,category_5,48,B'
2048,A,category_1,71,B'
2049,B,category_8,2,A'
2050,B,category_2,29,A'
2051,C,category_3,19,B'
2052,D,category_5,93,B'
2053,C,category_4,41,B'
2054,B,category_7,40,B'
2055,D,category_7,67,B'
2056,A,category_7,3,B'
2057,C,category_5,21,A'
2058,A,category_4,62,A'
2059,C,category_6,98,C'
2060,C,category_2,32,B'
2061,D,category_6,7,C'
2062,D,category_3,3,B'
2063,C,category_6,45,A'
2064,B,category_1,42,B'
2065,C,category_4,75,A'
2066,C,category_8,18,C'
2067,B,category_5,99,C'
2068,A,category_1,5,B'
2069,D,category_7,63,C'
2070,B,category_8,39,A'
2071,D,category_3,24,C'
2072,B,category_7,30,B'
2073,D,category_2,49,B'
2074,C,category_3,23,B'
2075,C,category_7,94,C'
2076,B,category_3,34,C'
2077,D,category_4,76,A'
2078,B,category_2,14,A'
2079,C,category_8,44,A'
2080,C,category_6,98,A'
2081,D,category_2,31,A'
2082,D,category_5,31,A'
2083,A,category_8,25,C'
2084,C,category_9,45,B'
2085,D,category_7,33,A'
2086,C,category_6,77,B'
2087,D,category_3,37,C'
2088,A,category_8,0,A'
2089,D,category_9,28,C'
2090,A,category_8,13,C'
2091,B,category_1,52,B'
2092,D,category_8,79,A'
2093,C,category_6,75,C'
2094,D,category_1,47,A'
2095,A,category_3,83,A'
2096,C,category_4,54,C'
2097,D,category_6,21,B'
2098,D,category_3,95,B'
2099,C,category_8,23,C'
2100,C,category_7,42,B'
2101,C,category_9,0,A'
2102,D,category_7,53,A'
2103,A,category_7,64,C'
2104,A,category_3,1,C'
2105,D,category_4,88,A'
2106,D,category_9,52,A'
2107,C,category_7,91,C'
2108,B,category_5,63,A'
2109,C,category_8,1,C'
2110,B,category_8,86,B'
2111,C,category_2,55,A'
2112,B,category_2,75,A'
2113,B,category_6,69,B'
2114,C,category_6,8,B'
2115,D,category_1,20,B'
2116,A,category_9,4,A'
2117,A,category_9,38,C'
2118,A,category_1,48,C'
2119,A,category_6,13,C'
2120,D,category_2,94,B'
2121,D,category_1,68,B'
2122,B,category_7,20,B'
2123,A,category_7,46,C'
2124,A,category_4,72,C'
2125,A,category_4,92,A'
2126,C,category_6,24,B'
2127,D,category_3,4,C'
2128,B,category_8,43,A'
2129,C,category_9,77,A'
2130,C,category_3,42,B'
2131,C,category_1,4,C'
2132,D,category_7,59,B'
2133,B,category_2,70,C'
2134,A,category_1,58,A'
2135,A,category_4,63,B'
2136,C,category_5,32,C'
2137,C,category_7,73,A'
2138,B,category_1,74,A'
2139,D,category_6,52,B'
2140,A,category_8,72,A'
2141,B,category_1,58,A'
2142,B,category_8,78,A'
2143,B,category_5,66,C'
2144,A,category_8,68,A'
2145,A,category_5,33,C'
2146,A,category_2,97,B'
2147,A,category_6,2,C'
2148,B,category_8,60,B'
2149,A,category_4,32,B'
2150,D,category_5,23,A'
2151,C,category_2,61,C'
2152,D,category_5,23,A'
2153,B,category_7,29,C'
2154,D,category_6,37,B'
2155,A,category_4,82,A'
2156,B,category_2,24,A'
2157,B,category_5,15,B'
2158,D,category_5,17,B'
2159,A,category_7,27,C'
2160,B,category_6,93,C'
2161,B,category_3,82,C'
2162,D,category_3,85,B'
2163,A,category_2,73,A'
2164,D,category_5,45,A'
2165,C,category_5,4,A'
2166,B,category_3,60,B'
2167,D,category_5,69,B'
2168,D,category_3,95,A'
2169,B,category_7,47,B'
2170,D,category_6,58,B'
2171,B,category_5,95,B'
2172,B,category_7,28,C'
2173,C,category_8,0,B'
2174,B,category_5,99,A'
2175,A,category_2,0,C'
2176,C,category_9,37,C'
2177,D,category_1,11,C'
2178,A,category_8,87,A'
2179,A,category_7,25,A'
2180,A,category_7,76,B'
2181,A,category_3,68,C'
2182,B,category_2,66,C'
2183,C,category_8,71,A'
2184,B,category_9,80,A'
2185,C,category_4,90,B'
2186,B,category_6,10,B'
2187,B,category_1,97,B'
2188,A,category_8,30,C'
2189,D,category_7,50,A'
2190,B,category_7,87,B'
2191,A,category_5,29,B'
2192,A,category_1,37,A'
2193,A,category_6,19,A'
2194,C,category_8,3,A'
2195,A,category_6,60,A'
2196,B,category_5,19,A'
2197,C,category_1,58,A'
2198,D,category_4,55,A'
2199,B,category_8,63,C'
2200,C,category_4,92,A'
2201,A,category_1,72,C'
2202,D,category_6,9,A'
2203,D,category_5,30,C'
2204,D,category_5,66,C'
2205,D,category_6,44,B'
2206,A,category_2,8,B'
2207,B,category_1,82,C'
2208,C,category_5,12,A'
2209,C,category_5,6,C'
2210,A,category_7,96,A'
2211,C,category_5,5,B'
2212,B,category_1,54,C'
2213,D,category_9,4,B'
2214,D,category_5,7,C'
2215,B,category_5,10,C'
2216,C,category_6,34,A'
2217,D,category_3,92,A'
2218,A,category_7,56,B'
2219,B,category_9,88,A'
2220,B,category_9,60,B'
2221,D,category_3,68,B'
2222,B,category_5,39,B'
2223,B,category_9,29,A'
2224,A,category_4,37,B'
2225,B,category_3,7,C'
2226,B,category_8,19,B'
2227,C,category_5,19,C'
2228,B,category_3,74,C'
2229,A,category_7,64,C'
2230,A,category_1,15,C'
2231,D,category_3,12,B'
2232,B,category_6,7,B'
2233,C,category_9,7,A'
2234,B,category_6,94,A'
2235,A,category_6,43,C'
2236,C,category_3,82,A'
2237,A,category_1,86,C'
2238,C,category_1,58,C'
2239,D,category_9,11,C'
2240,D,category_4,36,C'
2241,B,category_1,77,A'
2242,D,category_8,59,A'
2243,B,category_5,11,C'
2244,C,category_1,40,C'
2245,B,category_4,36,B'
2246,D,category_7,35,C'
2247,A,category_4,38,B'
2248,A,category_7,10,A'
2249,B,category_1,10,B'
2250,B,category_2,83,B'
2251,D,category_1,39,C'
2252,A,category_1,69,C'
2253,C,category_3,73,B'
2254,C,category_3,43,A'
2255,B,category_3,1,C'
2256,C,category_8,53,B'
2257,B,category_2,34,C'
2258,B,category_9,43,C'
2259,B,category_8,84,C'
2260,C,category_8,3,A'
2261,C,category_2,51,B'
2262,A,category_2,5,C'
2263,C,category_7,25,A'
2264,A,category_8,98,C'
2265,B,category_6,58,A'
2266,D,category_7,42,A'
2267,C,category_1,29,C'
2268,B,category_6,74,B'
2269,D,category_8,73,B'
2270,D,category_9,18,B'
2271,B,category_7,18,B'
2272,C,category_7,67,A'
2273,C,category_3,69,B'
2274,C,category_3,35,C'
2275,A,category_9,23,C'
2276,A,category_6,77,C'
2277,D,category_7,55,B'
2278,A,category_6,37,A'
2279,B,category_4,45,B'
2280,C,category_7,5,C'
2281,D,category_6,59,C'
2282,A,category_2,71,C'
2283,B,category_5,51,C'
2284,C,category_1,41,B'
2285,D,category_8,63,B'
2286,D,category_1,7,C'
2287,D,category_8,22,B'
2288,D,category_6,46,B'
2289,D,category_4,64,A'
2290,D,category_4,7,C'
2291,D,category_8,31,A'
2292,D,category_3,17,A'
2293,B,category_8,78,C'
2294,D,category_3,61,B'
2295,D,category_5,24,B'
2296,B,category_1,21,C'
2297,A,category_9,96,C'
2298,B,category_2,35,B'
2299,A,category_5,16,C'
2300,A,category_4,7,B'
2301,B,category_9,51,C'
2302,A,category_7,70,B'
2303,D,category_5,91,B'
2304,A,category_5,59,B'
2305,B,category_4,5,C'
2306,B,category_8,60,B'
2307,B,category_2,47,C'
2308,B,category_7,88,B'
2309,B,category_4,26,A'
2310,A,category_8,3,C'
2311,C,category_5,32,C'
2312,B,category_2,82,C'
2313,C,category_1,65,A'
2314,B,category_1,3,C'
2315,C,category_8,36,B'
2316,B,category_9,98,C'
2317,C,category_6,93,A'
2318,D,category_6,67,A'
2319,D,category_7,96,A'
2320,C,category_8,25,C'
2321,B,category_4,62,A'
2322,A,category_1,85,C'
2323,C,category_4,15,A'
2324,D,category_3,73,A'
2325,C,category_7,90,A'
2326,A,category_1,47,A'
2327,B,category_7,35,A'
2328,B,category_8,35,B'
2329,C,category_7,34,B'
2330,B,category_7,99,B'
2331,D,category_8,11,C'
2332,C,category_9,35,C'
2333,A,category_1,54,C'
2334,A,category_6,20,B'
2335,A,category_4,1,B'
2336,C,category_1,11,C'
2337,D,category_8,46,C'
2338,A,category_2,7,C'
2339,A,category_1,26,A'
2340,C,category_4,62,C'
2341,C,category_8,26,B'
2342,C,category_2,64,A'
2343,C,category_9,47,A'
2344,D,category_5,53,A'
2345,C,category_7,99,A'
2346,B,category_8,46,C'
2347,D,category_5,5,A'
2348,C,category_6,69,B'
2349,C,category_1,53,B'
2350,B,category_7,50,C'
2351,C,category_6,77,A'
2352,D,category_7,91,C'
2353,C,category_3,22,C'
2354,C,category_7,93,B'
2355,B,category_8,88,C'
2356,A,category_7,77,C'
2357,D,category_7,47,B'
2358,A,category_2,56,B'
2359,D,category_5,69,C'
2360,C,category_2,92,B'
2361,B,category_6,2,B'
2362,C,category_6,99,A'
2363,B,category_1,15,A'
2364,C,category_2,13,B'
2365,A,category_5,89,C'
2366,C,category_2,85,B'
2367,A,category_2,35,A'
2368,B,category_4,66,A'
2369,C,category_5,10,B'
2370,B,category_4,83,A'
2371,D,category_8,57,C'
2372,D,category_9,98,B'
2373,D,category_7,25,C'
2374,B,category_4,47,B'
2375,A,category_4,10,C'
2376,C,category_6,45,B'
2377,D,category_2,80,B'
2378,D,category_9,66,B'
2379,B,category_5,54,C'
2380,B,category_1,87,B'
2381,B,category_3,31,C'
2382,C,category_4,83,B'
2383,C,category_8,2,A'
2384,A,category_1,26,A'
2385,A,category_3,67,A'
2386,B,category_3,68,A'
2387,D,category_2,80,A'
2388,D,category_2,10,A'
2389,A,category_7,73,C'
2390,B,category_5,42,A'
2391,B,category_7,90,B'
2392,C,category_2,10,C'
2393,B,category_1,41,B'
2394,B,category_9,48,A'
2395,D,category_5,85,B'
2396,D,category_6,57,B'
2397,C,category_2,89,B'
2398,C,category_4,30,A'
2399,D,category_2,87,C'
2400,C,category_6,2,B'
2401,D,category_9,58,A'
2402,A,category_2,78,A'
2403,B,category_7,75,A'
2404,D,category_3,42,C'
2405,A,category_2,33,A'
2406,C,category_1,30,C'
2407,D,category_6,15,A'
2408,C,category_1,89,B'
2409,D,category_2,22,C'
2410,A,category_2,37,A'
2411,D,category_2,33,A'
2412,A,category_4,13,A'
2413,D,category_9,54,A'
2414,A,category_9,33,C'
2415,C,category_4,90,B'
2416,B,category_8,42,B'
2417,B,category_2,68,B'
2418,D,category_1,47,C'
2419,C,category_2,20,C'
2420,B,category_4,42,B'
2421,D,category_5,59,B'
2422,D,category_6,21,A'
2423,C,category_2,88,B'
2424,B,category_5,70,B'
2425,C,category_8,99,B'
2426,A,category_4,31,B'
2427,A,category_2,17,A'
2428,D,category_2,72,C'
2429,A,category_7,41,C'
2430,D,category_8,60,C'
2431,D,category_9,92,C'
2432,A,category_5,75,A'
2433,D,category_8,90,B'
2434,D,category_9,64,A'
2435,C,category_9,1,B'
2436,B,category_9,77,B'
2437,D,category_4,41,B'
2438,C,category_6,76,A'
2439,D,category_3,20,A'
2440,B,category_9,83,A'
2441,D,category_7,2,C'
2442,A,category_5,76,B'
2443,C,category_1,25,B'
2444,C,category_6,73,B'
2445,D,category_3,98,C'
2446,D,category_9,51,B'
2447,D,category_1,80,A'
2448,B,category_7,62,A'
2449,A,category_1,80,C'
2450,C,category_4,80,B'
2451,A,category_6,65,C'
2452,A,category_9,75,B'
2453,C,category_1,38,A'
2454,D,category_8,40,C'
2455,B,category_1,60,A'
2456,B,category_8,96,A'
2457,B,category_3,97,B'
2458,C,category_1,62,C'
2459,A,category_5,67,B'
2460,A,category_4,92,B'
2461,A,category_1,67,C'
2462,C,category_8,24,C'
2463,C,category_5,47,C'
2464,C,category_2,75,A'
2465,C,category_5,56,C'
2466,A,category_5,11,B'
2467,C,category_5,6,A'
2468,D,category_1,98,C'
2469,A,category_3,50,C'
2470,A,category_9,75,A'
2471,A,category_9,36,B'
2472,C,category_6,9,B'
2473,C,category_8,54,C'
2474,A,category_1,73,C'
2475,B,category_6,18,B'
2476,B,category_4,12,B'
2477,A,category_8,30,C'
2478,A,category_9,0,A'
2479,C,category_7,37,A'
2480,C,category_5,18,B'
2481,B,category_4,28,A'
2482,B,category_2,57,C'
2483,D,category_8,26,A'
2484,C,category_7,40,B'
2485,D,category_1,59,A'
2486,A,category_9,52,C'
2487,D,category_6,47,C'
2488,A,category_2,34,C'
2489,A,category_8,19,C'
2490,C,category_8,74,C'
2491,D,category_6,94,B'
2492,C,category_2,68,B'
2493,A,category_9,48,B'
2494,A,category_7,61,C'
2495,B,category_2,61,C'
2496,A,category_6,14,A'
2497,D,category_5,11,C'
2498,A,category_4,55,B'
2499,C,category_8,58,B'
2500,D,category_7,40,A'
2501,A,category_5,85,B'
2502,B,category_4,32,B'
2503,B,category_6,80,B'
2504,D,category_5,94,B'
2505,A,category_2,39,B'
2506,A,category_4,75,B'
2507,A,category_1,96,A'
2508,A,category_8,51,A'
2509,A,category_2,76,A'
2510,C,category_1,82,C'
2511,A,category_2,62,B'
2512,A,category_4,1,A'
2513,D,category_6,10,B'
2514,C,category_2,17,B'
2515,D,category_1,80,C'
2516,D,category_7,78,B'
2517,B,category_5,43,A'
2518,D,category_9,26,A'
2519,B,category_3,90,C'
2520,A,category_5,35,C'
2521,C,category_9,46,C'
2522,B,category_7,30,C'
2523,B,category_6,45,B'
2524,A,category_4,36,A'
2525,B,category_3,30,C'
2526,D,category_5,62,A'
2527,D,category_7,8,B'
2528,D,category_7,76,C'
2529,D,category_3,40,B'
2530,C,category_7,21,B'
2531,D,category_9,94,A'
2532,A,category_3,31,B'
2533,A,category_7,45,B'
2534,B,category_9,72,A'
2535,C,category_8,12,C'
2536,B,category_7,95,B'
2537,C,category_1,74,B'
2538,D,category_3,46,B'
2539,A,category_7,36,C'
2540,C,category_7,60,C'
2541,C,category_5,78,C'
2542,B,category_3,40,C'
2543,A,category_4,1,C'
2544,D,category_9,66,A'
2545,A,category_3,50,B'
2546,A,category_5,3,A'
2547,C,category_5,67,C'
2548,C,category_2,5,B'
2549,B,category_8,91,A'
2550,D,category_4,80,A'
2551,D,category_4,30,B'
2552,A,category_9,27,A'
2553,D,category_7,2,C'
2554,A,category_5,68,B'
2555,B,category_9,38,C'
2556,B,category_7,81,C'
2557,A,category_1,45,A'
2558,D,category_3,57,A'
2559,A,category_2,92,C'
2560,C,category_9,56,C'
2561,C,category_8,70,A'
2562,B,category_6,56,A'
2563,C,category_1,29,C'
2564,A,category_5,18,C'
2565,B,category_7,22,B'
2566,B,category_5,89,C'
2567,B,category_2,48,A'
2568,A,category_4,4,C'
2569,C,category_5,65,B'
2570,B,category_2,11,B'
2571,A,category_6,67,C'
2572,D,category_6,22,C'
2573,D,category_6,82,B'
2574,C,category_4,87,A'
2575,D,category_7,14,B'
2576,B,category_3,61,B'
2577,A,category_7,18,B'
2578,B,category_9,19,B'
2579,D,category_5,17,C'
2580,D,category_2,35,B'
2581,C,category_8,75,C'
2582,C,category_5,15,B'
2583,B,category_1,75,C'
2584,B,category_4,82,B'
2585,B,category_1,92,B'
2586,B,category_4,2,B'
2587,B,category_9,66,B'
2588,A,category_4,6,A'
2589,C,category_8,2,C'
2590,B,category_7,95,C'
2591,C,category_8,59,A'
2592,B,category_5,15,A'
2593,C,category_4,18,C'
2594,D,category_8,5,B'
2595,D,category_5,86,A'
2596,A,category_3,91,B'
2597,C,category_6,3,C'
2598,C,category_8,85,A'
2599,C,category_9,13,A'
2600,C,category_5,42,A'
2601,A,category_3,68,A'
2602,B,category_8,83,C'
2603,B,category_6,87,B'
2604,C,category_6,85,A'
2605,C,category_4,99,B'
2606,B,category_7,94,A'
2607,D,category_6,85,B'
2608,D,category_6,95,B'
2609,A,category_6,84,A'
2610,A,category_1,80,C'
2611,B,category_8,34,C'
2612,D,category_1,63,C'
2613,A,category_6,34,C'
2614,B,category_4,71,B'
2615,A,category_1,13,B'
2616,A,category_2,70,A'
2617,B,category_7,42,C'
2618,A,category_4,78,B'
2619,D,category_1,41,A'
2620,C,category_4,59,A'
2621,D,category_7,55,A'
2622,A,category_7,3,B'
2623,D,category_5,24,A'
2624,C,category_4,87,C'
2625,D,category_5,87,B'
2626,C,category_7,36,A'
2627,B,category_3,79,A'
2628,B,category_2,89,A'
2629,B,category_6,19,B'
2630,B,category_4,54,A'
2631,B,category_1,48,C'
2632,D,category_6,49,C'
2633,C,category_4,77,A'
2634,B,category_6,60,B'
2635,A,category_9,72,B'
2636,C,category_5,87,C'
2637,D,category_6,40,B'
2638,D,category_2,96,C'
2639,C,category_1,46,A'
2640,C,category_6,91,A'
2641,A,category_2,68,B'
2642,A,category_9,42,A'
2643,B,category_5,70,B'
2644,A,category_1,84,A'
2645,B,category_9,60,A'
2646,C,category_8,61,A'
2647,B,category_7,32,B'
2648,A,category_5,55,B'
2649,D,category_6,7,C'
2650,D,category_8,54,C'
2651,C,category_6,59,C'
2652,D,category_8,75,B'
2653,C,category_1,2,A'
2654,B,category_7,0,B'
2655,D,category_3,86,C'
2656,D,category_1,68,C'
2657,A,category_4,62,C'
2658,D,category_1,71,A'
2659,B,category_5,99,A'
2660,D,category_1,53,C'
2661,D,category_5,13,B'
2662,D,category_1,33,A'
2663,C,category_6,17,A'
2664,A,category_1,3,B'
2665,B,category_4,21,C'
2666,C,category_2,54,C'
2667,B,category_3,84,C'
2668,C,category_2,18,C'
2669,B,category_8,2,C'
2670,A,category_4,15,C'
2671,C,category_2,59,B'
2672,A,category_1,82,B'
2673,C,category_3,35,C'
2674,B,category_6,99,B'
2675,A,category_3,69,A'
2676,A,category_8,30,B'
2677,A,category_5,9,C'
2678,D,category_4,99,A'
2679,A,category_3,43,B'
2680,D,category_2,88,B'
2681,A,category_7,24,A'
2682,A,category_7,29,A'
2683,B,category_2,18,A'
2684,C,category_9,43,B'
2685,A,category_2,19,C'
2686,C,category_5,98,B'
2687,A,category_3,3,C'
2688,D,category_4,93,A'
2689,D,category_1,14,C'
2690,D,category_6,5,A'
2691,B,category_2,24,B'
2692,D,category_5,81,A'
2693,A,category_6,18,A'
2694,B,category_7,3,A'
2695,B,category_1,5,C'
2696,C,category_1,53,C'
2697,C,category_7,41,A'
2698,D,category_1,87,C'
2699,C,category_8,13,B'
2700,B,category_1,34,C'
2701,B,category_7,3,A'
2702,C,category_7,44,A'
2703,C,category_6,17,C'
2704,D,category_6,24,B'
2705,C,category_3,27,C'
2706,B,category_3,82,A'
2707,A,category_6,83,A'
2708,C,category_1,11,C'
2709,C,category_6,62,B'
2710,A,category_5,26,C'
2711,C,category_9,58,C'
2712,C,category_4,48,B'
2713,D,category_7,28,A'
2714,A,category_5,40,A'
2715,B,category_2,57,C'
2716,D,category_2,63,B'
2717,A,category_8,28,A'
2718,B,category_9,29,A'
2719,C,category_7,56,C'
2720,A,category_9,91,B'
2721,C,category_6,63,A'
2722,C,category_7,84,C'
2723,D,category_7,90,C'
2724,C,category_3,30,A'
2725,A,category_8,82,C'
2726,A,category_6,4,B'
2727,C,category_8,4,A'
2728,B,category_7,24,C'
2729,B,category_3,42,A'
2730,A,category_6,99,A'
2731,B,category_1,15,C'
2732,B,category_4,86,C'
2733,A,category_2,57,B'
2734,C,category_5,60,A'
2735,A,category_6,48,C'
2736,C,category_7,60,B'
2737,C,category_9,86,C'
2738,B,category_8,57,C'
2739,A,category_7,80,B'
2740,C,category_2,79,C'
2741,C,category_7,53,A'
2742,D,category_1,16,A'
2743,D,category_4,14,C'
2744,D,category_5,85,B'
2745,C,category_9,39,B'
2746,C,category_8,89,C'
2747,A,category_7,47,C'
2748,C,category_2,0,A'
2749,B,category_1,13,C'
2750,C,category_8,48,A'
2751,A,category_2,7,A'
2752,D,category_9,66,B'
2753,A,category_4,41,C'
2754,A,category_2,29,C'
2755,D,category_4,26,C'
2756,B,category_8,67,A'
2757,C,category_1,43,B'
2758,B,category_4,42,A'
2759,B,category_2,92,A'
2760,D,category_8,80,B'
2761,D,category_4,75,B'
2762,C,category_9,53,B'
2763,D,category_2,20,B'
2764,D,category_6,50,B'
2765,B,category_1,94,B'
2766,B,category_4,79,A'
2767,B,category_5,26,C'
2768,D,category_1,80,A'
2769,D,category_2,72,A'
2770,D,category_1,42,B'
2771,D,category_8,0,C'
2772,A,category_4,90,A'
2773,D,category_5,42,C'
2774,B,category_6,73,B'
2775,D,category_2,45,C'
2776,D,category_4,77,B'
2777,C,category_4,23,C'
2778,C,category_5,37,C'
2779,D,category_7,95,C'
2780,B,category_3,61,A'
2781,B,category_5,49,C'
2782,B,category_9,98,A'
2783,B,category_5,90,B'
2784,B,category_5,40,C'
2785,B,category_3,53,A'
2786,B,category_1,58,B'
2787,A,category_4,97,B'
2788,D,category_7,6,C'
2789,C,category_4,86,C'
2790,B,category_4,72,C'
2791,A,category_8,84,C'
2792,D,category_4,76,A'
2793,D,category_4,21,C'
2794,B,category_2,86,A'
2795,A,category_9,14,A'
2796,B,category_3,29,C'
2797,C,category_5,7,B'
2798,C,category_7,71,C'
2799,D,category_5,85,C'
2800,D,category_2,37,B'
2801,A,category_5,35,B'
2802,C,category_9,30,B'
2803,C,category_3,0,A'
2804,B,category_9,81,C'
2805,D,category_2,99,A'
2806,C,category_2,74,A'
2807,C,category_7,13,A'
2808,B,category_2,35,B'
2809,A,category_8,63,C'
2810,B,category_8,89,B'
2811,D,category_5,92,C'
2812,B,category_9,14,C'
2813,B,category_9,7,B'
2814,A,category_4,8,B'
2815,B,category_7,13,C'
2816,A,category_3,35,B'
2817,C,category_6,74,A'
2818,A,category_4,83,A'
2819,A,category_6,76,A'
2820,D,category_3,9,B'
2821,D,category_8,16,B'
2822,B,category_6,58,C'
2823,A,category_7,76,A'
2824,D,category_2,67,A'
2825,D,category_9,45,C'
2826,D,category_7,3,A'
2827,C,category_2,70,B'
2828,B,category_2,86,C'
2829,D,category_4,55,C'
2830,B,category_8,51,B'
2831,A,category_2,69,A'
2832,B,category_8,10,A'
2833,C,category_8,50,B'
2834,B,category_2,49,C'
2835,D,category_3,58,C'
2836,B,category_4,87,B'
2837,C,category_2,54,B'
2838,D,category_5,52,B'
2839,D,category_7,5,B'
2840,C,category_9,69,B'
2841,B,category_8,46,C'
2842,C,category_6,89,B'
2843,A,category_8,74,B'
2844,A,category_5,27,A'
2845,A,category_8,18,B'
2846,D,category_2,34,C'
2847,A,category_2,48,A'
2848,B,category_1,3,C'
2849,B,category_8,22,C'
2850,A,category_3,99,C'
2851,D,category_7,13,C'
2852,B,category_9,51,A'
2853,C,category_3,21,A'
2854,D,category_7,72,B'
2855,A,category_6,33,A'
2856,A,category_8,88,A'
2857,B,category_7,7,B'
2858,C,category_5,63,C'
2859,D,category_6,66,C'
2860,C,category_4,80,C'
2861,D,category_2,97,C'
2862,B,category_2,28,B'
2863,A,category_2,19,A'
2864,C,category_6,2,C'
2865,D,category_7,67,C'
2866,A,category_8,44,C'
2867,D,category_5,57,B'
2868,D,category_1,38,B'
2869,C,category_9,87,C'
2870,A,category_6,83,B'
2871,A,category_8,73,A'
2872,A,category_6,8,B'
2873,A,category_1,6,C'
2874,D,category_9,59,C'
2875,B,category_6,37,A'
2876,A,category_7,89,A'
2877,B,category_9,52,B'
2878,C,category_3,35,A'
2879,A,category_6,44,A'
2880,B,category_5,52,B'
2881,C,category_9,8,A'
2882,C,category_2,0,A'
2883,D,category_7,77,B'
2884,C,category_3,0,C'
2885,B,category_2,78,A'
2886,B,category_5,64,B'
2887,B,category_8,39,C'
2888,D,category_3,24,B'
2889,D,category_2,62,A'
2890,C,category_6,38,C'
2891,B,category_9,68,B'
2892,B,category_1,82,A'
2893,D,category_8,61,C'
2894,D,category_9,79,B'
2895,C,category_5,43,B'
2896,C,category_6,2,C'
2897,B,category_1,80,A'
2898,C,category_5,35,B'
2899,C,category_1,26,B'
2900,D,category_8,68,B'
2901,B,category_7,65,B'
2902,C,category_2,74,B'
2903,D,category_9,87,B'
2904,B,category_5,27,B'
2905,D,category_7,56,C'
2906,D,category_4,98,B'
2907,A,category_3,78,C'
2908,D,category_6,97,B'
2909,A,category_2,14,B'
2910,A,category_9,72,A'
2911,B,category_4,40,C'
2912,D,category_9,52,A'
2913,B,category_1,79,A'
2914,A,category_2,98,B'
2915,D,category_5,80,C'
2916,B,category_8,63,B'
2917,D,category_6,70,A'
2918,A,category_3,23,A'
2919,B,category_3,61,A'
2920,A,category_5,38,A'
2921,C,category_4,86,C'
2922,C,category_4,28,B'
2923,A,category_9,10,B'
2924,A,category_3,39,C'
2925,D,category_5,3,A'
2926,A,category_9,43,A'
2927,C,category_6,94,B'
2928,A,category_1,3,C'
2929,D,category_6,85,B'
2930,A,category_6,10,B'
2931,B,category_3,84,B'
2932,D,category_8,3,B'
2933,C,category_3,40,A'
2934,C,category_3,26,B'
2935,A,category_3,89,A'
2936,A,category_4,28,C'
2937,C,category_8,11,C'
2938,A,category_6,13,C'
2939,C,category_7,39,A'
2940,B,category_9,26,C'
2941,C,category_7,7,C'
2942,D,category_5,96,A'
2943,C,category_7,57,A'
2944,D,category_1,7,C'
2945,C,category_7,76,C'
2946,D,category_4,1,C'
2947,A,category_3,77,A'
2948,C,category_1,22,A'
2949,D,category_3,71,B'
2950,B,category_6,16,B'
2951,B,category_8,27,B'
2952,A,category_3,38,A'
2953,D,category_4,98,A'
2954,C,category_3,20,B'
2955,D,category_2,39,A'
2956,B,category_4,10,A'
2957,B,category_6,87,A'
2958,D,category_3,22,B'
2959,A,category_6,35,C'
2960,C,category_1,84,C'
2961,A,category_7,33,C'
2962,B,category_9,34,B'
2963,C,category_7,73,C'
2964,B,category_6,32,B'
2965,B,category_3,26,A'
2966,B,category_5,64,A'
2967,A,category_6,0,B'
2968,D,category_4,57,B'
2969,B,category_3,46,B'
2970,D,category_2,84,A'
2971,B,category_8,25,C'
2972,B,category_7,77,A'
2973,C,category_1,75,C'
2974,C,category_2,19,A'
2975,B,category_6,58,A'
2976,C,category_4,64,A'
2977,A,category_8,13,C'
2978,C,category_8,56,C'
2979,B,category_4,32,C'
2980,A,category_4,47,C'
2981,D,category_8,67,B'
2982,C,category_6,27,A'
2983,A,category_4,27,B'
2984,B,category_7,69,A'
2985,B,category_4,73,C'
2986,C,category_6,93,A'
2987,A,category_4,99,B'
2988,B,category_8,2,A'
2989,A,category_9,59,C'
2990,B,category_9,5,A'
2991,A,category_2,60,B'
2992,D,category_5,85,A'
2993,D,category_6,97,C'
2994,B,category_5,28,C'
2995,B,category_3,83,B'
2996,D,category_6,72,B'
2997,B,category_4,52,B'
2998,A,category_5,47,A'
2999,D,category_5,48,C'
3000,D,category_2,37,A'
